uniprot_id,label,fpbase_name,status,has_pdb,pdb_ids,em_max,ex_max,qy,cif_file,area,perimeter,major_axis,minor_axis,eccentricity,circularity,barrel_length,mean_plddt,n_slice_atoms,n_residues
Q8T6T8,dis3GFP,dis3GFP,ok,False,,512.0,503.0,,AF-Q8T6T8-F1-model_v6.cif,733.3,101.04,34.5,28.26,0.574,0.903,50.5,95.8,173.0,231.0
Q8T5F2,mcavGFP,mcavGFP,ok,False,,516.0,506.0,,AF-Q8T5F2-F1-model_v6.cif,759.3,102.99,32.36,29.65,0.401,0.899,64.6,95.0,168.0,234.0
Q7Z0W7,mc3,mc3,ok,False,,515.0,505.0,,AF-Q7Z0W7-F1-model_v6.cif,727.2,100.3,32.27,29.61,0.397,0.908,64.5,95.2,169.0,234.0
Q8MU47,Fpmcavgr7.7,,no_af_model,,,,,,,,,,,,,,,,
B6CTZ5,plamGFP,plamGFP,ok,False,,514.0,502.0,0.96,AF-B6CTZ5-F1-model_v6.cif,703.1,99.7,32.58,29.54,0.422,0.889,49.6,96.1,168.0,230.0
Q8MMA1,Fpaagar,,no_af_model,,,,,,,,,,,,,,,,
Q9U6Y3,cFP484,cFP484,ok,False,,484.0,456.0,0.48,AF-Q9U6Y3-F1-model_v6.cif,882.4,116.88,40.65,27.78,0.73,0.812,115.6,89.9,203.0,266.0
Q8MMA2,Fpag_frag,,no_af_model,,,,,,,,,,,,,,,,
B1PNC0,LanYFP,LanYFP,ok,True,5LTQ,524.0,513.0,0.95,AF-B1PNC0-F1-model_v6.cif,691.0,97.25,32.62,30.81,0.328,0.918,48.7,97.5,176.0,219.0
Q2MHN7,CpYGFP,CpYGFP,ok,True,2DD7,518.0,508.0,0.53,AF-Q2MHN7-F1-model_v6.cif,694.1,98.25,33.16,29.58,0.452,0.904,46.9,97.1,170.0,219.0
Q6WV11,laesGFP,laesGFP,ok,False,,506.0,491.0,,AF-Q6WV11-F1-model_v6.cif,639.9,93.42,31.06,29.26,0.335,0.921,48.1,95.7,167.0,222.0
Q6WV08,pdae1GFP,pdae1GFP,ok,False,,511.0,491.0,0.68,AF-Q6WV08-F1-model_v6.cif,673.2,95.81,31.08,30.13,0.245,0.922,47.7,95.4,166.0,222.0
P42212,GFP_AEQVI,avGFP,ok,True,1GFL,509.0,395.0,0.79,AF-P42212-F1-model_v6.cif,685.5,96.27,32.08,31.01,0.256,0.929,53.8,96.6,163.0,238.0
P83690,NFCP_MONEF,Rtms5,ok,True,1MOU,626.0,592.0,0.004,AF-P83690-F1-model_v6.cif,688.7,97.51,35.42,26.94,0.649,0.91,48.7,98.0,162.0,221.0
Q8ISF8,RFP_ENTQU,eqFP611,ok,True,1UIS,611.0,559.0,0.45,AF-Q8ISF8-F1-model_v6.cif,701.6,98.52,32.44,29.63,0.407,0.908,48.9,97.7,165.0,231.0
Q95W85,NFCP_RADCR,hcriCP,ok,False,,,578.0,,AF-Q95W85-F1-model_v6.cif,732.7,101.75,34.4,29.01,0.538,0.889,49.8,97.7,171.0,227.0
Q9GZ28,NFCP_ANESU,asulCP,ok,True,1XQM,595.0,572.0,0.001,AF-Q9GZ28-F1-model_v6.cif,699.5,98.64,34.61,29.28,0.533,0.903,48.6,96.7,178.0,232.0
Q9U6Y4,GFPL2_ZOASP,zFP538,ok,True,1XAE,538.0,528.0,0.42,AF-Q9U6Y4-F1-model_v6.cif,650.1,95.5,33.64,26.33,0.622,0.896,49.2,96.5,159.0,231.0
Q9U6Y8,RFP_DISSP,DsRed,ok,True,"1GGX,1ZGO,1G7K",583.0,558.0,0.68,AF-Q9U6Y8-F1-model_v6.cif,650.3,96.41,33.48,26.85,0.597,0.879,58.4,96.5,157.0,225.0
Q95P04,NFCP_GONTE,gtenCP,ok,False,,,580.0,,AF-Q95P04-F1-model_v6.cif,678.3,96.97,35.27,26.86,0.648,0.906,48.5,97.9,161.0,221.0
Q95W86,NFCP_CONGI,cgigCP,ok,False,,,571.0,,AF-Q95W86-F1-model_v6.cif,736.8,100.81,33.42,31.1,0.366,0.911,50.0,97.2,165.0,227.0
Q9U6Y6,GFPL_ANEMA,amFP486,ok,True,2A46,486.0,458.0,0.24,AF-Q9U6Y6-F1-model_v6.cif,628.0,93.0,33.13,26.94,0.582,0.912,51.1,96.5,160.0,229.0
Q9U6Y7,GFPL_DISST,dsFP483,ok,True,3CGL,483.0,443.0,0.46,AF-Q9U6Y7-F1-model_v6.cif,680.5,97.22,33.74,27.57,0.576,0.905,56.7,96.0,161.0,232.0
D7PM05,D7PM05_CLYGR,,ok,False,,,,,AF-D7PM05-F1-model_v6.cif,675.1,95.26,31.29,30.03,0.281,0.935,53.8,97.0,161.0,235.0
Q9U6Y5,GFPL1_ZOASP,ZsGreen,ok,True,2OJK,506.0,496.0,0.63,AF-Q9U6Y5-F1-model_v6.cif,621.9,94.08,32.47,26.93,0.559,0.883,49.2,96.9,154.0,231.0
A0A023HH81,A0A023HH81_ACRMI,,ok,False,,,,,AF-A0A023HH81-F1-model_v6.cif,612.1,91.55,30.85,27.96,0.423,0.918,48.8,96.4,157.0,232.0
A0A0H3TYV3,A0A0H3TYV3_ACRMI,,ok,False,,,,,AF-A0A0H3TYV3-F1-model_v6.cif,652.3,94.36,32.29,28.12,0.492,0.921,48.8,96.8,160.0,231.0
A0A0H3TZ06,A0A0H3TZ06_ACRMI,,ok,False,,,,,AF-A0A0H3TZ06-F1-model_v6.cif,648.6,94.38,31.84,28.23,0.462,0.915,49.0,96.7,160.0,231.0
A0A0K2S4S8,A0A0K2S4S8_9CNID,,ok,False,,,,,AF-A0A0K2S4S8-F1-model_v6.cif,649.9,94.82,33.28,26.71,0.597,0.908,56.9,94.6,161.0,225.0
A0A0K2S4T2,A0A0K2S4T2_9CNID,,ok,False,,,,,AF-A0A0K2S4T2-F1-model_v6.cif,664.0,96.21,34.09,26.64,0.624,0.901,77.1,94.4,161.0,225.0
A0A0K2S4T3,A0A0K2S4T3_9CNID,,ok,False,,,,,AF-A0A0K2S4T3-F1-model_v6.cif,645.7,93.91,33.68,26.61,0.613,0.92,53.6,96.0,153.0,219.0
A0A0K2S4U1,A0A0K2S4U1_9CNID,,ok,False,,,,,AF-A0A0K2S4U1-F1-model_v6.cif,656.8,94.98,33.08,27.03,0.577,0.915,57.0,94.4,163.0,225.0
A0A0K2S4U7,A0A0K2S4U7_9CNID,,ok,False,,,,,AF-A0A0K2S4U7-F1-model_v6.cif,653.8,94.98,32.25,27.38,0.528,0.911,68.4,93.4,156.0,241.0
A0A0K2S4X9,A0A0K2S4X9_9CNID,,ok,False,,,,,AF-A0A0K2S4X9-F1-model_v6.cif,657.7,95.07,33.35,26.98,0.588,0.914,57.1,94.5,162.0,225.0
A0A0K2S5P2,A0A0K2S5P2_9CNID,,ok,False,,,,,AF-A0A0K2S5P2-F1-model_v6.cif,619.0,92.25,33.64,26.22,0.626,0.914,54.1,95.9,155.0,219.0
A0A0M3KL34,A0A0M3KL34_STIGI,sgBP,ok,False,,,608.0,,AF-A0A0M3KL34-F1-model_v6.cif,822.7,106.18,36.95,29.81,0.591,0.917,48.5,97.7,193.0,231.0
A0A146FGB2,A0A146FGB2_CRIJA,,ok,False,,,,,AF-A0A146FGB2-F1-model_v6.cif,693.7,98.6,32.16,29.96,0.364,0.897,49.7,95.9,166.0,227.0
A0A172WBN6,A0A172WBN6_FIMAN,,ok,False,,,,,AF-A0A172WBN6-F1-model_v6.cif,781.7,104.36,32.57,30.57,0.345,0.902,49.9,96.5,167.0,226.0
A0A1C6ZYZ5,A0A1C6ZYZ5_9CNID,,ok,False,,,,,AF-A0A1C6ZYZ5-F1-model_v6.cif,758.1,102.84,34.55,29.74,0.509,0.901,52.7,94.8,167.0,233.0
A0A1C7D1L6,A0A1C7D1L6_9CNID,,ok,False,,,,,AF-A0A1C7D1L6-F1-model_v6.cif,837.4,107.42,35.98,30.66,0.523,0.912,54.3,94.8,183.0,234.0
A0A1D7XF02,A0A1D7XF02_ACTTE,,ok,False,,,,,AF-A0A1D7XF02-F1-model_v6.cif,831.4,107.05,36.17,30.32,0.546,0.912,48.7,97.3,190.0,232.0
A0A1D7XF04,A0A1D7XF04_ACTTE,,ok,False,,,,,AF-A0A1D7XF04-F1-model_v6.cif,831.8,107.08,36.16,30.34,0.544,0.912,48.7,97.0,187.0,232.0
A0A1L7NRM5,A0A1L7NRM5_SCLGR,,ok,False,,,,,AF-A0A1L7NRM5-F1-model_v6.cif,728.1,101.07,33.31,29.89,0.441,0.896,50.9,97.2,175.0,225.0
A0A1L7NRM8,A0A1L7NRM8_SCLGR,,ok,False,,,,,AF-A0A1L7NRM8-F1-model_v6.cif,724.7,100.82,33.32,29.89,0.442,0.896,51.0,97.3,174.0,225.0
A0A1L7NRN4,A0A1L7NRN4_SCLGR,,ok,False,,,,,AF-A0A1L7NRN4-F1-model_v6.cif,710.1,102.24,34.32,30.2,0.475,0.854,50.2,97.3,174.0,225.0
A0A1L7NRN7,A0A1L7NRN7_SCLGR,,ok,False,,,,,AF-A0A1L7NRN7-F1-model_v6.cif,721.7,100.64,33.49,29.87,0.452,0.896,50.2,97.3,170.0,225.0
A0A1S7IWF8,A0A1S7IWF8_ACRDI,,ok,False,,,,,AF-A0A1S7IWF8-F1-model_v6.cif,645.0,94.16,31.81,28.25,0.459,0.914,49.1,96.7,159.0,231.0
A0A1S7IWG4,A0A1S7IWG4_ACRDI,,ok,False,,,,,AF-A0A1S7IWG4-F1-model_v6.cif,648.1,94.28,31.81,28.23,0.461,0.916,48.9,96.5,159.0,231.0
A0A1S7IWG9,A0A1S7IWG9_ACRDI,,ok,False,,,,,AF-A0A1S7IWG9-F1-model_v6.cif,645.2,94.26,32.08,28.09,0.483,0.913,48.8,96.8,158.0,231.0
A0A1S7IWH0,A0A1S7IWH0_ACRDI,,ok,False,,,,,AF-A0A1S7IWH0-F1-model_v6.cif,624.8,92.31,31.33,28.08,0.444,0.921,48.7,96.7,161.0,232.0
A0A1S7IWH3,A0A1S7IWH3_ACRDI,,ok,False,,,,,AF-A0A1S7IWH3-F1-model_v6.cif,644.0,94.2,31.77,28.29,0.455,0.912,49.0,95.5,158.0,232.0
A0A1S7IWH4,A0A1S7IWH4_ACRDI,,ok,False,,,,,AF-A0A1S7IWH4-F1-model_v6.cif,708.3,99.72,35.01,28.05,0.599,0.895,49.3,94.1,176.0,231.0
A0A1S7IWH5,A0A1S7IWH5_ACRDI,,ok,False,,,,,AF-A0A1S7IWH5-F1-model_v6.cif,679.1,97.1,36.18,26.55,0.679,0.905,49.1,93.5,165.0,231.0
A0A1S7IWH7,A0A1S7IWH7_ACRDI,,ok,False,,,,,AF-A0A1S7IWH7-F1-model_v6.cif,723.2,100.06,35.89,27.27,0.65,0.908,48.8,97.8,161.0,221.0
A0A1S7IWH8,A0A1S7IWH8_ACRDI,,ok,False,,,,,AF-A0A1S7IWH8-F1-model_v6.cif,687.9,97.41,34.99,27.16,0.631,0.911,48.7,97.8,164.0,221.0
A0A1S7IWH9,A0A1S7IWH9_ACRDI,,ok,False,,,,,AF-A0A1S7IWH9-F1-model_v6.cif,726.9,100.2,35.39,27.32,0.636,0.91,48.8,97.7,166.0,221.0
A0A1S7IWI0,A0A1S7IWI0_ACRDI,,ok,False,,,,,AF-A0A1S7IWI0-F1-model_v6.cif,723.0,100.1,35.43,27.0,0.647,0.907,48.8,97.7,165.0,221.0
A0A1S7IWI1,A0A1S7IWI1_ACRDI,,ok,False,,,,,AF-A0A1S7IWI1-F1-model_v6.cif,687.1,98.9,34.99,28.11,0.596,0.883,47.7,93.2,172.0,230.0
A0A1S7IWI2,A0A1S7IWI2_ACRDI,,ok,False,,,,,AF-A0A1S7IWI2-F1-model_v6.cif,653.7,94.49,32.14,28.12,0.484,0.92,49.0,96.5,160.0,231.0
A0A1S7IWI3,A0A1S7IWI3_ACRDI,,ok,False,,,,,AF-A0A1S7IWI3-F1-model_v6.cif,712.9,100.29,34.57,28.17,0.58,0.891,48.8,97.5,167.0,221.0
A0A1S7IWI4,A0A1S7IWI4_ACRDI,,ok,False,,,,,AF-A0A1S7IWI4-F1-model_v6.cif,688.4,97.41,35.02,27.37,0.624,0.912,48.8,97.7,160.0,221.0
A0A1S7IWI5,A0A1S7IWI5_ACRDI,,ok,False,,,,,AF-A0A1S7IWI5-F1-model_v6.cif,721.2,99.93,35.7,27.25,0.646,0.908,48.9,97.8,160.0,221.0
A0A1S7IWI6,A0A1S7IWI6_ACRDI,,ok,False,,,,,AF-A0A1S7IWI6-F1-model_v6.cif,684.8,97.32,35.13,27.12,0.635,0.909,48.9,97.7,160.0,221.0
A0A1S7IWI7,A0A1S7IWI7_ACRDI,,ok,False,,,,,AF-A0A1S7IWI7-F1-model_v6.cif,703.8,99.4,35.24,27.99,0.607,0.895,49.3,94.0,175.0,231.0
A0A1S7IWI8,A0A1S7IWI8_ACRDI,AdRed,ok,True,6AA7,612.0,567.0,,AF-A0A1S7IWI8-F1-model_v6.cif,646.3,94.23,31.92,27.97,0.482,0.915,49.0,96.5,160.0,231.0
A0A1S7IWJ0,A0A1S7IWJ0_ACRDI,,ok,False,,,,,AF-A0A1S7IWJ0-F1-model_v6.cif,652.8,94.41,32.12,28.11,0.484,0.92,49.0,96.7,160.0,231.0
A0A1S7IWJ2,A0A1S7IWJ2_ACRDI,,ok,False,,,,,AF-A0A1S7IWJ2-F1-model_v6.cif,715.3,100.3,34.48,28.41,0.567,0.894,48.7,97.6,169.0,221.0
A0A1S7IWJ3,A0A1S7IWJ3_ACRDI,,ok,False,,,,,AF-A0A1S7IWJ3-F1-model_v6.cif,714.7,100.34,34.55,28.68,0.558,0.892,48.9,97.5,165.0,221.0
A0A1S7IWJ4,A0A1S7IWJ4_ACRDI,,ok,False,,,,,AF-A0A1S7IWJ4-F1-model_v6.cif,699.2,99.39,35.4,27.91,0.615,0.889,49.2,93.4,177.0,231.0
A0A1S7IWK3,A0A1S7IWK3_ACRTE,,ok,False,,,,,AF-A0A1S7IWK3-F1-model_v6.cif,651.2,93.53,34.06,27.5,0.59,0.935,46.4,96.7,144.0,206.0
A0A1S7IWK5,A0A1S7IWK5_ACRTE,,ok,False,,,,,AF-A0A1S7IWK5-F1-model_v6.cif,656.8,94.27,32.95,27.65,0.544,0.929,46.4,96.6,149.0,206.0
A0A1S7IWK7,A0A1S7IWK7_ACRTE,,ok,False,,,,,AF-A0A1S7IWK7-F1-model_v6.cif,652.9,94.09,33.56,27.83,0.559,0.927,46.4,96.5,145.0,206.0
A0A1S7IWK8,A0A1S7IWK8_ACRTE,,ok,False,,,,,AF-A0A1S7IWK8-F1-model_v6.cif,650.9,93.77,31.53,28.65,0.418,0.93,45.6,97.3,147.0,206.0
A0A1S7IWK9,A0A1S7IWK9_ACRDI,,ok,False,,,,,AF-A0A1S7IWK9-F1-model_v6.cif,705.1,99.3,35.36,27.74,0.62,0.899,48.3,94.2,173.0,231.0
A0A1S7IWL3,A0A1S7IWL3_ACRDI,,ok,False,,,,,AF-A0A1S7IWL3-F1-model_v6.cif,686.3,98.87,35.28,27.65,0.621,0.882,48.7,93.9,176.0,231.0
A0A1S7IWL4,A0A1S7IWL4_ACRTE,,ok,False,,,,,AF-A0A1S7IWL4-F1-model_v6.cif,635.6,93.09,32.84,27.96,0.525,0.922,45.5,96.0,135.0,206.0
A0A1S7IWL5,A0A1S7IWL5_ACRTE,,ok,False,,,,,AF-A0A1S7IWL5-F1-model_v6.cif,647.8,93.3,33.8,27.4,0.585,0.935,46.1,95.8,137.0,204.0
A0A1S7IWL7,A0A1S7IWL7_ACRTE,,ok,False,,,,,AF-A0A1S7IWL7-F1-model_v6.cif,652.5,94.22,33.85,27.34,0.589,0.924,45.6,95.7,139.0,204.0
A0A1S7IWL8,A0A1S7IWL8_ACRTE,,ok,False,,,,,AF-A0A1S7IWL8-F1-model_v6.cif,647.8,93.36,33.53,27.46,0.574,0.934,46.1,95.6,137.0,204.0
A0A1S7IWM0,A0A1S7IWM0_ACRTE,,ok,False,,,,,AF-A0A1S7IWM0-F1-model_v6.cif,650.1,93.48,34.14,26.97,0.613,0.935,46.6,95.8,163.0,217.0
A0A1S7IWM1,A0A1S7IWM1_ACRTE,,ok,False,,,,,AF-A0A1S7IWM1-F1-model_v6.cif,649.9,93.59,34.47,27.13,0.617,0.932,46.6,95.8,159.0,217.0
A0A1S7IWM2,A0A1S7IWM2_ACRTE,,ok,False,,,,,AF-A0A1S7IWM2-F1-model_v6.cif,647.3,93.31,33.62,27.44,0.578,0.934,46.1,95.7,136.0,204.0
A0A1S7IWM3,A0A1S7IWM3_ACRTE,,ok,False,,,,,AF-A0A1S7IWM3-F1-model_v6.cif,661.1,94.42,34.6,27.13,0.621,0.932,46.6,96.4,157.0,217.0
A0A1S7IWM4,A0A1S7IWM4_ACRTE,,ok,False,,,,,AF-A0A1S7IWM4-F1-model_v6.cif,659.4,94.63,35.06,26.59,0.652,0.925,47.3,96.5,162.0,217.0
A0A1S7IWM5,A0A1S7IWM5_ACRTE,,ok,False,,,,,AF-A0A1S7IWM5-F1-model_v6.cif,653.8,94.12,34.0,27.12,0.603,0.927,46.7,96.0,159.0,217.0
A0A1S7IWM6,A0A1S7IWM6_ACRTE,,ok,False,,,,,AF-A0A1S7IWM6-F1-model_v6.cif,652.1,93.6,34.62,27.03,0.625,0.935,46.6,96.1,159.0,217.0
A0A1S7IWM8,A0A1S7IWM8_ACRTE,,ok,False,,,,,AF-A0A1S7IWM8-F1-model_v6.cif,686.3,97.46,32.33,28.65,0.463,0.908,46.1,98.2,143.0,200.0
A0A1S7IWN3,A0A1S7IWN3_ACRTE,,ok,False,,,,,AF-A0A1S7IWN3-F1-model_v6.cif,648.0,93.29,33.93,26.96,0.607,0.936,46.7,95.9,162.0,217.0
A0A1S7IWN9,A0A1S7IWN9_ACRTE,,ok,False,,,,,AF-A0A1S7IWN9-F1-model_v6.cif,653.7,95.06,30.86,29.03,0.339,0.909,46.2,97.9,141.0,200.0
A0A1S7IWP0,A0A1S7IWP0_ACRTE,,ok,False,,,,,AF-A0A1S7IWP0-F1-model_v6.cif,661.0,95.67,31.12,29.04,0.36,0.908,46.2,98.1,142.0,200.0
A0A1S7IWP4,A0A1S7IWP4_ACRTE,,ok,False,,,,,AF-A0A1S7IWP4-F1-model_v6.cif,653.5,94.99,30.8,28.97,0.34,0.91,46.1,98.2,141.0,200.0
A0A1S7IWU8,A0A1S7IWU8_ACRDI,,ok,False,,,,,AF-A0A1S7IWU8-F1-model_v6.cif,709.2,99.87,35.31,28.12,0.605,0.893,49.0,94.2,173.0,231.0
A0A1S7IWU9,A0A1S7IWU9_ACRDI,,ok,False,,,,,AF-A0A1S7IWU9-F1-model_v6.cif,688.4,97.52,35.03,26.99,0.638,0.91,48.6,97.6,166.0,221.0
A0A1S7IWV2,A0A1S7IWV2_ACRTE,,ok,False,,,,,AF-A0A1S7IWV2-F1-model_v6.cif,638.4,93.4,32.39,27.75,0.516,0.92,45.5,96.0,143.0,206.0
A0A1S7IWW0,A0A1S7IWW0_ACRTE,,ok,False,,,,,AF-A0A1S7IWW0-F1-model_v6.cif,652.4,93.67,34.85,27.11,0.628,0.934,46.7,96.1,158.0,217.0
A0A1S7IWX3,A0A1S7IWX3_ACRDI,,ok,False,,,,,AF-A0A1S7IWX3-F1-model_v6.cif,731.4,101.12,35.44,28.37,0.6,0.899,49.2,94.3,177.0,231.0
A0A1S7IWX6,A0A1S7IWX6_ACRDI,,ok,False,,,,,AF-A0A1S7IWX6-F1-model_v6.cif,723.2,100.7,35.51,27.78,0.623,0.896,48.8,94.1,177.0,231.0
A0A1S7IWY1,A0A1S7IWY1_ACRDI,,ok,False,,,,,AF-A0A1S7IWY1-F1-model_v6.cif,710.8,99.87,35.15,27.98,0.605,0.895,48.9,94.1,176.0,231.0
A0A2H4WV17,A0A2H4WV17_9CNID,,ok,False,,,,,AF-A0A2H4WV17-F1-model_v6.cif,708.8,98.5,34.49,27.8,0.592,0.918,50.8,95.6,158.0,227.0
A0A2H4WV18,A0A2H4WV18_9CNID,,ok,False,,,,,AF-A0A2H4WV18-F1-model_v6.cif,695.0,97.63,33.56,27.63,0.568,0.916,50.4,96.3,158.0,226.0
A0A2Z5X7U3,A0A2Z5X7U3_9CNID,,ok,False,,,,,AF-A0A2Z5X7U3-F1-model_v6.cif,761.0,101.72,34.91,28.96,0.558,0.924,49.3,96.1,172.0,232.0
A0A2Z5XV34,A0A2Z5XV34_9CNID,,ok,False,,,,,AF-A0A2Z5XV34-F1-model_v6.cif,747.5,100.49,32.91,30.37,0.385,0.93,50.0,94.6,175.0,230.0
A0A348ASU4,A0A348ASU4_ACRDI,,ok,False,,,,,AF-A0A348ASU4-F1-model_v6.cif,695.4,99.33,35.27,28.18,0.602,0.886,49.2,93.9,177.0,231.0
A0A348ASU5,A0A348ASU5_ACRDI,,ok,False,,,,,AF-A0A348ASU5-F1-model_v6.cif,722.9,101.0,35.27,28.36,0.595,0.89,49.9,94.2,174.0,231.0
A0A348ASU6,A0A348ASU6_ACRDI,,ok,False,,,,,AF-A0A348ASU6-F1-model_v6.cif,646.7,94.25,31.83,28.29,0.458,0.915,49.1,96.7,159.0,231.0
A0A348ASU7,A0A348ASU7_ACRDI,,ok,False,,,,,AF-A0A348ASU7-F1-model_v6.cif,693.7,97.78,32.98,28.17,0.52,0.912,49.1,96.7,161.0,231.0
A0A348ASU8,A0A348ASU8_ACRDI,,ok,False,,,,,AF-A0A348ASU8-F1-model_v6.cif,633.1,93.23,32.08,27.4,0.52,0.915,51.4,96.7,161.0,232.0
A0A348ASU9,A0A348ASU9_ACRDI,,ok,False,,,,,AF-A0A348ASU9-F1-model_v6.cif,712.4,100.24,34.93,27.95,0.6,0.891,48.7,97.8,165.0,221.0
A0A348ASV0,A0A348ASV0_ACRDI,,ok,False,,,,,AF-A0A348ASV0-F1-model_v6.cif,715.3,100.3,34.47,28.42,0.566,0.893,48.7,97.5,169.0,221.0
A0A3M6TFM3,A0A3M6TFM3_POCDA,,ok,False,,,,,AF-A0A3M6TFM3-F1-model_v6.cif,728.6,99.66,34.6,27.87,0.593,0.922,57.8,95.0,162.0,222.0
A0A3M6TPN5,A0A3M6TPN5_POCDA,,ok,False,,,,,AF-A0A3M6TPN5-F1-model_v6.cif,677.5,96.03,32.77,28.27,0.506,0.923,59.8,95.2,155.0,224.0
A0A3M6URZ5,A0A3M6URZ5_POCDA,,ok,False,,,,,AF-A0A3M6URZ5-F1-model_v6.cif,722.7,100.67,36.57,27.97,0.644,0.896,47.8,96.0,164.0,211.0
A0A3M6V2F5,A0A3M6V2F5_POCDA,,ok,False,,,,,AF-A0A3M6V2F5-F1-model_v6.cif,738.2,100.5,35.43,27.69,0.624,0.919,46.7,96.0,168.0,212.0
A0A509GM03,A0A509GM03_FIMAN,,ok,False,,,,,AF-A0A509GM03-F1-model_v6.cif,750.3,101.87,35.42,30.35,0.515,0.909,55.0,97.1,170.0,226.0
A0A5A4MI65,A0A5A4MI65_9CNID,,ok,False,,,,,AF-A0A5A4MI65-F1-model_v6.cif,758.8,102.58,35.49,29.47,0.557,0.906,59.3,95.3,187.0,233.0
A0A5A4MIV0,A0A5A4MIV0_9CNID,,ok,False,,,,,AF-A0A5A4MIV0-F1-model_v6.cif,754.0,100.99,33.34,30.59,0.398,0.929,57.1,95.7,171.0,232.0
A0A5A4MJH3,A0A5A4MJH3_9CNID,,ok,False,,,,,AF-A0A5A4MJH3-F1-model_v6.cif,738.4,100.52,33.3,29.73,0.451,0.918,54.7,95.4,177.0,232.0
A0A5A4MJQ7,A0A5A4MJQ7_9CNID,,ok,False,,,,,AF-A0A5A4MJQ7-F1-model_v6.cif,790.7,104.94,35.73,29.99,0.543,0.902,59.7,94.3,194.0,233.0
A0A5A4MJX1,A0A5A4MJX1_9CNID,,ok,False,,,,,AF-A0A5A4MJX1-F1-model_v6.cif,748.6,101.97,34.32,29.62,0.505,0.905,59.5,94.3,179.0,233.0
A0A5A4MKN5,A0A5A4MKN5_9CNID,,ok,False,,,,,AF-A0A5A4MKN5-F1-model_v6.cif,764.6,101.81,34.73,29.41,0.532,0.927,50.9,96.1,173.0,232.0
A0A5A4MMK3,A0A5A4MMK3_9CNID,,ok,False,,,,,AF-A0A5A4MMK3-F1-model_v6.cif,783.5,102.53,33.01,31.03,0.341,0.937,58.2,94.9,184.0,233.0
A0A5A4MP41,A0A5A4MP41_9CNID,,ok,False,,,,,AF-A0A5A4MP41-F1-model_v6.cif,760.9,101.67,34.37,29.35,0.521,0.925,49.5,95.9,172.0,232.0
A0A5J6CYI5,A0A5J6CYI5_9CNID,,ok,False,,,,,AF-A0A5J6CYI5-F1-model_v6.cif,658.0,95.08,30.9,30.25,0.203,0.915,47.5,97.5,154.0,232.0
A0A5J6CYI7,A0A5J6CYI7_9CNID,,ok,False,,,,,AF-A0A5J6CYI7-F1-model_v6.cif,635.1,92.07,30.12,28.87,0.285,0.942,47.7,95.0,155.0,232.0
A0A5J6CYK8,A0A5J6CYK8_AEQVI,,ok,False,,,,,AF-A0A5J6CYK8-F1-model_v6.cif,664.9,95.34,32.34,28.44,0.476,0.919,49.2,96.7,152.0,232.0
A0A5J6CYN9,A0A5J6CYN9_9CNID,,ok,False,,,,,AF-A0A5J6CYN9-F1-model_v6.cif,688.2,96.85,32.04,30.46,0.31,0.922,56.8,95.5,165.0,241.0
A0A5J6CYR6,A0A5J6CYR6_AEQVI,,ok,False,,,,,AF-A0A5J6CYR6-F1-model_v6.cif,689.0,96.66,32.59,30.75,0.331,0.927,57.3,96.3,169.0,238.0
A0A5J6CYR9,A0A5J6CYR9_AEQVI,,ok,False,,,,,AF-A0A5J6CYR9-F1-model_v6.cif,665.2,94.39,31.34,30.89,0.169,0.938,53.9,96.5,158.0,238.0
A0A5J6CYT5,A0A5J6CYT5_9CNID,,ok,False,,,,,AF-A0A5J6CYT5-F1-model_v6.cif,637.5,93.53,32.28,28.36,0.478,0.916,48.0,96.8,151.0,232.0
A0A5J6CYV4,A0A5J6CYV4_AEQVI,,ok,False,,,,,AF-A0A5J6CYV4-F1-model_v6.cif,669.4,95.41,32.61,28.19,0.503,0.924,49.6,95.2,150.0,232.0
A0A5J6CYV7,A0A5J6CYV7_9CNID,,ok,False,,,,,AF-A0A5J6CYV7-F1-model_v6.cif,639.0,93.36,30.65,29.63,0.255,0.921,50.0,95.0,153.0,232.0
A0A6G7QPQ8,A0A6G7QPQ8_9CNID,,ok,False,,,,,AF-A0A6G7QPQ8-F1-model_v6.cif,676.6,96.91,34.49,27.5,0.603,0.905,50.5,95.5,152.0,230.0
A0A6P8H3W9,A0A6P8H3W9_ACTTE,,no_af_model,,,,,,,,,,,,,,,,
A0A6P8HCD3,A0A6P8HCD3_ACTTE,,no_af_model,,,,,,,,,,,,,,,,
A0A6P8I2G6,A0A6P8I2G6_ACTTE,,ok,False,,,,,AF-A0A6P8I2G6-F1-model_v6.cif,741.9,100.66,33.29,30.94,0.369,0.92,53.0,91.2,169.0,223.0
A0A6P8ILA5,A0A6P8ILA5_ACTTE,,no_af_model,,,,,,,,,,,,,,,,
A0A7G7LHL8,A0A7G7LHL8_9CNID,,ok,False,,,,,AF-A0A7G7LHL8-F1-model_v6.cif,634.2,92.26,32.04,26.7,0.553,0.936,49.1,96.0,156.0,234.0
A0A7M5TYI8,A0A7M5TYI8_9CNID,,ok,False,,,,,AF-A0A7M5TYI8-F1-model_v6.cif,636.8,92.97,31.1,29.34,0.332,0.926,60.8,94.3,162.0,233.0
A0A7M5V407,A0A7M5V407_9CNID,,ok,False,,,,,AF-A0A7M5V407-F1-model_v6.cif,670.1,95.59,32.06,29.46,0.394,0.922,59.6,96.6,161.0,237.0
A0A7M5WWD0,A0A7M5WWD0_9CNID,,ok,False,,,,,AF-A0A7M5WWD0-F1-model_v6.cif,696.1,97.83,33.02,29.93,0.423,0.914,59.2,96.7,160.0,237.0
A0A7U3V419,A0A7U3V419_ACRTE,,ok,False,,,,,AF-A0A7U3V419-F1-model_v6.cif,631.3,93.58,31.03,29.06,0.351,0.906,47.0,97.5,141.0,214.0
A0A7U3V476,A0A7U3V476_ACRTE,,ok,False,,,,,AF-A0A7U3V476-F1-model_v6.cif,567.3,87.9,29.47,27.04,0.398,0.923,48.1,91.0,136.0,200.0
A0A7U3V4E0,A0A7U3V4E0_ACRTE,,ok,False,,,,,AF-A0A7U3V4E0-F1-model_v6.cif,781.6,104.19,37.42,26.53,0.705,0.905,49.3,96.0,173.0,220.0
A0A7U3V4M0,A0A7U3V4M0_ACRTE,,ok,False,,,,,AF-A0A7U3V4M0-F1-model_v6.cif,663.8,95.33,31.87,28.64,0.439,0.918,49.4,96.6,160.0,231.0
A0A7U3VUS1,A0A7U3VUS1_ACRTE,,ok,False,,,,,AF-A0A7U3VUS1-F1-model_v6.cif,759.8,104.95,37.68,27.0,0.698,0.867,50.3,95.8,165.0,220.0
A0A8S0GSD4,A0A8S0GSD4_9CNID,,ok,False,,,,,AF-A0A8S0GSD4-F1-model_v6.cif,741.2,98.9,32.41,30.8,0.312,0.952,46.1,95.2,170.0,217.0
A0A9Y2YAB8,A0A9Y2YAB8_9CNID,,ok,False,,,,,AF-A0A9Y2YAB8-F1-model_v6.cif,636.4,93.56,32.52,27.01,0.557,0.914,58.7,96.5,149.0,223.0
A0AAD9PQA2,A0AAD9PQA2_ACRCE,,ok,False,,,,,AF-A0AAD9PQA2-F1-model_v6.cif,651.0,95.54,35.11,27.57,0.619,0.896,54.8,89.8,149.0,212.0
A0AAD9PTB0,A0AAD9PTB0_ACRCE,,ok,False,,,,,AF-A0AAD9PTB0-F1-model_v6.cif,780.6,107.83,40.02,29.15,0.685,0.844,46.3,93.4,158.0,206.0
A0AAD9QKV8,A0AAD9QKV8_ACRCE,,ok,False,,,,,AF-A0AAD9QKV8-F1-model_v6.cif,730.7,101.14,35.67,28.08,0.617,0.898,48.4,95.1,172.0,231.0
A0AAD9URD1,A0AAD9URD1_ACRCE,,ok,False,,,,,AF-A0AAD9URD1-F1-model_v6.cif,681.9,97.5,34.68,27.8,0.598,0.902,47.5,95.7,151.0,220.0
A0AAD9V6K5,A0AAD9V6K5_ACRCE,,ok,False,,,,,AF-A0AAD9V6K5-F1-model_v6.cif,701.2,97.8,35.86,27.37,0.646,0.921,49.3,95.5,165.0,225.0
A0AAD9V6T5,A0AAD9V6T5_ACRCE,,ok,False,,,,,AF-A0AAD9V6T5-F1-model_v6.cif,771.4,104.8,35.86,28.8,0.596,0.883,49.1,94.4,176.0,231.0
A0AAU9WAN5,A0AAU9WAN5_9CNID,,ok,False,,,,,AF-A0AAU9WAN5-F1-model_v6.cif,667.1,95.89,32.95,28.25,0.514,0.912,56.0,94.9,163.0,224.0
A0AAU9WCI9,A0AAU9WCI9_9CNID,,ok,False,,,,,AF-A0AAU9WCI9-F1-model_v6.cif,696.8,97.95,33.06,26.39,0.602,0.913,77.0,93.5,162.0,230.0
A0AAU9XT10,A0AAU9XT10_9CNID,,ok,False,,,,,AF-A0AAU9XT10-F1-model_v6.cif,707.5,99.25,34.38,29.46,0.516,0.902,47.7,96.0,162.0,214.0
A0AAU9XT34,A0AAU9XT34_9CNID,,ok,False,,,,,AF-A0AAU9XT34-F1-model_v6.cif,715.6,100.49,34.7,29.07,0.546,0.891,47.5,96.3,164.0,214.0
A0AAU9XTE4,A0AAU9XTE4_9CNID,,ok,False,,,,,AF-A0AAU9XTE4-F1-model_v6.cif,716.9,100.68,35.14,29.32,0.551,0.889,47.6,96.0,162.0,214.0
A0AAU9XU65,A0AAU9XU65_9CNID,,ok,False,,,,,AF-A0AAU9XU65-F1-model_v6.cif,727.3,100.84,35.17,29.17,0.559,0.899,47.6,96.2,161.0,214.0
A0AAU9XUB5,A0AAU9XUB5_9CNID,,ok,False,,,,,AF-A0AAU9XUB5-F1-model_v6.cif,704.3,98.72,33.68,29.28,0.494,0.908,47.6,96.0,163.0,214.0
A0AAU9XUE6,A0AAU9XUE6_9CNID,,ok,False,,,,,AF-A0AAU9XUE6-F1-model_v6.cif,717.8,100.45,34.62,28.97,0.548,0.894,47.6,95.4,168.0,214.0
A0AAU9XUP9,A0AAU9XUP9_9CNID,,ok,False,,,,,AF-A0AAU9XUP9-F1-model_v6.cif,712.7,100.39,34.77,29.25,0.541,0.889,47.6,95.7,165.0,214.0
A0AAU9XVS2,A0AAU9XVS2_9CNID,,ok,False,,,,,AF-A0AAU9XVS2-F1-model_v6.cif,713.0,99.72,34.64,29.16,0.54,0.901,47.6,95.8,163.0,214.0
A0AAU9XWP8,A0AAU9XWP8_9CNID,,ok,False,,,,,AF-A0AAU9XWP8-F1-model_v6.cif,716.1,100.66,35.01,29.21,0.552,0.888,47.6,96.0,165.0,214.0
A0AQQ7,A0AQQ7_EPIJA,cjBlue,ok,True,2IB5,620.0,610.0,0.0001,AF-A0AQQ7-F1-model_v6.cif,756.2,102.27,36.36,28.51,0.621,0.909,48.4,97.4,179.0,232.0
A3F208,A3F208_9CNID,,ok,False,,,,,AF-A3F208-F1-model_v6.cif,724.5,99.33,32.83,28.63,0.489,0.923,50.4,96.6,156.0,225.0
A5YTR6,A5YTR6_9CNID,,ok,False,,,,,AF-A5YTR6-F1-model_v6.cif,774.9,102.9,33.57,30.52,0.417,0.92,48.8,97.7,169.0,228.0
A5YTR7,A5YTR7_9CNID,,ok,False,,,,,AF-A5YTR7-F1-model_v6.cif,700.4,98.65,34.58,29.26,0.533,0.904,48.5,96.8,179.0,232.0
A5YTR8,A5YTR8_ANESU,,ok,False,,,,,AF-A5YTR8-F1-model_v6.cif,725.7,99.79,34.5,29.5,0.519,0.916,48.5,96.8,180.0,232.0
A7S1H5,A7S1H5_NEMVE,,ok,False,,,,,AF-A7S1H5-F1-model_v6.cif,924.5,113.02,41.45,29.27,0.708,0.909,58.8,95.6,209.0,238.0
A7UAL1,A7UAL1_9CNID,mcFP497,ok,False,,,,,AF-A7UAL1-F1-model_v6.cif,743.5,102.73,33.81,30.05,0.458,0.885,51.1,97.2,174.0,225.0
A7UAL2,A7UAL2_9CNID,mcFP503,ok,False,,,,,AF-A7UAL2-F1-model_v6.cif,725.0,102.12,34.63,29.39,0.529,0.874,49.5,97.0,168.0,224.0
A7UAL3,A7UAL3_9CNID,,ok,False,,,,,AF-A7UAL3-F1-model_v6.cif,735.0,102.51,33.6,29.61,0.473,0.879,49.8,96.6,167.0,227.0
A7UAL4,A7UAL4_9CNID,,ok,False,,,,,AF-A7UAL4-F1-model_v6.cif,705.9,98.61,33.45,29.68,0.462,0.912,51.1,96.8,156.0,225.0
A7UAL5,A7UAL5_9CNID,mcFP506,ok,False,,,,,AF-A7UAL5-F1-model_v6.cif,688.6,98.44,34.06,29.81,0.484,0.893,50.6,97.3,167.0,224.0
A7UAL6,A7UAL6_9CNID,,ok,False,,,,,AF-A7UAL6-F1-model_v6.cif,708.9,100.38,33.92,29.51,0.493,0.884,50.7,97.2,166.0,224.0
A7UAL7,A7UAL7_9CNID,,ok,False,,,,,AF-A7UAL7-F1-model_v6.cif,740.2,102.88,33.87,29.54,0.489,0.879,49.5,96.6,168.0,227.0
A7UAL8,A7UAL8_9CNID,,ok,False,,,,,AF-A7UAL8-F1-model_v6.cif,734.2,102.18,35.13,29.14,0.558,0.884,50.0,97.0,170.0,224.0
A7UAL9,A7UAL9_9CNID,,ok,False,,,,,AF-A7UAL9-F1-model_v6.cif,742.2,102.86,34.1,29.55,0.499,0.882,49.6,96.6,170.0,227.0
A7UAM0,A7UAM0_9CNID,,ok,False,,,,,AF-A7UAM0-F1-model_v6.cif,740.5,103.35,33.86,28.86,0.523,0.871,47.8,96.7,158.0,225.0
A8CLL3,A8CLL3_9CNID,gdjiCP,ok,False,,,583.0,,AF-A8CLL3-F1-model_v6.cif,678.5,96.98,34.86,27.01,0.632,0.907,48.7,97.9,160.0,221.0
A8CLM1,A8CLM1_MONEF,meffCP,ok,False,,,574.0,,AF-A8CLM1-F1-model_v6.cif,662.5,95.96,35.48,27.18,0.643,0.904,49.2,96.9,158.0,221.0
A8CLM7,A8CLM7_9CNID,stylCP,ok,False,,,574.0,,AF-A8CLM7-F1-model_v6.cif,665.8,96.2,34.97,26.89,0.639,0.904,49.2,97.6,158.0,221.0
A8CLN4,A8CLN4_MONEF,meffRFP,ok,False,,576.0,560.0,0.56,AF-A8CLN4-F1-model_v6.cif,639.7,92.35,32.57,27.22,0.549,0.942,49.1,96.1,158.0,234.0
A8CLP2,A8CLP2_MONEF,meffCFP,ok,False,,492.0,467.0,0.55,AF-A8CLP2-F1-model_v6.cif,581.8,88.5,31.07,25.92,0.551,0.933,54.0,94.2,154.0,232.0
A8CLP7,A8CLP7_9CNID,meleCFP,ok,False,,485.0,454.0,0.74,AF-A8CLP7-F1-model_v6.cif,758.1,103.04,34.7,28.88,0.554,0.897,51.0,96.4,176.0,227.0
A8CLQ1,A8CLQ1_9CNID,eechGFP1,ok,False,,510.0,497.0,0.75,AF-A8CLQ1-F1-model_v6.cif,740.4,102.79,34.0,29.6,0.492,0.881,49.6,97.1,166.0,229.0
A8CLQ6,A8CLQ6_DANHO,dhorRFP,ok,False,,,,,AF-A8CLQ6-F1-model_v6.cif,666.3,94.25,32.57,28.73,0.471,0.943,60.6,96.3,164.0,221.0
A8CLR1,A8CLR1_9CNID,efasGFP,ok,False,,507.0,496.0,0.8,AF-A8CLR1-F1-model_v6.cif,638.6,93.38,31.81,28.83,0.423,0.92,52.9,95.4,157.0,220.0
A8CLR7,A8CLR7_9CNID,meleRFP,ok,False,,579.0,573.0,0.85,AF-A8CLR7-F1-model_v6.cif,695.3,98.03,34.15,27.89,0.577,0.909,48.7,96.1,160.0,226.0
A8CLS2,A8CLS2_9CNID,eechRFP,ok,False,,582.0,574.0,0.43,AF-A8CLS2-F1-model_v6.cif,700.3,97.57,33.56,28.08,0.548,0.924,50.9,96.7,155.0,225.0
A8CLS7,A8CLS7_LOBSC,,ok,False,,,,,AF-A8CLS7-F1-model_v6.cif,707.0,99.55,33.62,29.69,0.469,0.896,48.2,97.5,167.0,226.0
A8CLT2,A8CLT2_GALFS,gfasGFP,ok,False,,506.0,492.0,0.73,AF-A8CLT2-F1-model_v6.cif,712.5,100.34,34.16,29.59,0.5,0.889,50.9,97.5,168.0,225.0
A8CLT7,A8CLT7_9CNID,stylGFP,ok,False,,500.0,485.0,0.7,AF-A8CLT7-F1-model_v6.cif,700.5,98.33,32.6,27.53,0.536,0.91,59.1,95.7,155.0,224.0
A8CLU1,A8CLU1_PORPI,pporGFP,ok,False,,507.0,495.0,0.54,AF-A8CLU1-F1-model_v6.cif,637.1,93.82,32.21,27.88,0.501,0.91,46.7,96.5,154.0,220.0
A8CLU7,A8CLU7_9CNID,mmilCFP,ok,False,,492.0,404.0,0.9,AF-A8CLU7-F1-model_v6.cif,596.5,91.1,31.97,26.36,0.566,0.903,47.0,95.3,153.0,227.0
A8CLV1,A8CLV1_MONEF,meffGFP,ok,False,,506.0,492.0,0.58,AF-A8CLV1-F1-model_v6.cif,634.2,93.32,31.8,27.11,0.523,0.915,49.1,96.0,156.0,233.0
A8CLV6,A8CLV6_GALFS,gfasCP,ok,True,7SWR,,577.0,,AF-A8CLV6-F1-model_v6.cif,684.9,97.3,35.15,27.15,0.635,0.909,48.7,97.8,159.0,221.0
A8CLW1,A8CLW1_9CNID,eechGFP2,ok,False,,520.0,506.0,0.69,AF-A8CLW1-F1-model_v6.cif,767.1,104.53,34.36,29.34,0.52,0.882,49.5,97.0,163.0,224.0
A8CLW9,A8CLW9_9CNID,efasCFP,ok,False,,490.0,466.0,0.77,AF-A8CLW9-F1-model_v6.cif,679.6,96.8,33.53,28.59,0.523,0.911,48.1,93.5,165.0,229.0
A8CLX6,A8CLX6_STYPI,spisCP,ok,True,7SWU,,560.0,,AF-A8CLX6-F1-model_v6.cif,698.6,99.61,32.55,27.76,0.522,0.885,59.7,94.9,163.0,224.0
A8CLX9,A8CLX9_DANHO,dhorGFP,ok,False,,,,,AF-A8CLX9-F1-model_v6.cif,703.5,99.42,35.51,27.82,0.621,0.894,48.6,94.2,172.0,231.0
A8CLY3,A8CLY3_ACRMI,amilFP504,ok,False,,504.0,488.0,,AF-A8CLY3-F1-model_v6.cif,667.6,95.95,33.24,28.26,0.527,0.911,51.1,95.7,163.0,227.0
B2ZAG1,B2ZAG1_9CNID,zGFP,ok,False,,,,,AF-B2ZAG1-F1-model_v6.cif,611.8,91.18,31.12,27.53,0.466,0.925,52.8,96.5,156.0,231.0
B2ZAG2,B2ZAG2_9CNID,zRFP,ok,False,,,,,AF-B2ZAG2-F1-model_v6.cif,663.3,94.71,31.67,28.7,0.423,0.929,47.9,96.5,161.0,229.0
B5BRC3,B5BRC3_9CNID,,ok,False,,,,,AF-B5BRC3-F1-model_v6.cif,744.1,101.61,33.63,30.5,0.421,0.906,47.5,97.6,170.0,224.0
B5LIN0,B5LIN0_ACRMI,,ok,False,,,,,AF-B5LIN0-F1-model_v6.cif,660.6,95.5,33.26,27.96,0.542,0.91,51.4,95.3,163.0,227.0
B5T1L0,B5T1L0_9CNID,apulFP483,ok,False,,483.0,420.0,,AF-B5T1L0-F1-model_v6.cif,723.7,100.89,35.47,27.98,0.615,0.893,48.3,94.3,177.0,231.0
B5T1L1,B5T1L1_9CNID,apulCP584,ok,False,,,584.0,,AF-B5T1L1-F1-model_v6.cif,684.5,97.27,35.75,27.11,0.652,0.909,48.8,97.7,159.0,221.0
B5T1L2,B5T1L2_ACRMI,amilFP484,ok,False,,484.0,420.0,,AF-B5T1L2-F1-model_v6.cif,705.5,98.68,35.83,27.35,0.646,0.91,48.1,94.4,171.0,231.0
B5T1L3,B5T1L3_ACRMI,amilFP497,ok,False,,497.0,477.0,,AF-B5T1L3-F1-model_v6.cif,692.7,99.01,35.6,27.63,0.631,0.888,49.5,93.7,167.0,231.0
B5T1L4,B5T1L4_ACRMI,amilFP512,ok,False,,512.0,500.0,,AF-B5T1L4-F1-model_v6.cif,706.9,99.45,35.22,27.73,0.616,0.898,49.1,94.0,175.0,231.0
B5T1L5,B5T1L5_ACRMI,amilFP597,ok,False,,597.0,558.0,,AF-B5T1L5-F1-model_v6.cif,624.7,92.64,31.21,27.94,0.446,0.915,48.9,96.5,158.0,232.0
B6CTZ2,B6CTZ2_9CNID,psamCFP,ok,False,,492.0,404.0,0.96,AF-B6CTZ2-F1-model_v6.cif,640.9,94.76,31.57,28.25,0.447,0.897,58.6,94.7,158.0,230.0
B6CTZ3,B6CTZ3_9CNID,aeurGFP,ok,False,,515.0,504.0,0.67,AF-B6CTZ3-F1-model_v6.cif,698.9,99.23,35.12,27.97,0.605,0.892,49.2,94.2,173.0,231.0
B6CTZ4,B6CTZ4_9CNID,fabdGFP,ok,False,,520.0,508.0,0.54,AF-B6CTZ4-F1-model_v6.cif,711.9,100.79,34.51,27.79,0.593,0.881,49.9,97.0,159.0,224.0
B6CTZ6,B6CTZ6_9CNID,sarcGFP,ok,False,,500.0,483.0,0.96,AF-B6CTZ6-F1-model_v6.cif,785.2,104.4,33.94,30.74,0.424,0.905,47.5,97.4,174.0,225.0
B6CTZ7,B6CTZ7_9CNID,eforCP,ok,True,7SWT,609.0,589.0,0.16,AF-B6CTZ7-F1-model_v6.cif,726.5,101.11,32.84,29.75,0.424,0.893,49.6,97.3,169.0,227.0
B9UPG6,B9UPG6_9CNID,cerFP505,ok,False,,505.0,494.0,0.55,AF-B9UPG6-F1-model_v6.cif,635.5,93.3,32.87,27.75,0.536,0.917,47.6,97.1,156.0,223.0
D0VX33,D0VX33_ENTQU,,ok,False,,,,,AF-D0VX33-F1-model_v6.cif,759.1,102.89,35.85,28.58,0.604,0.901,49.5,96.7,182.0,233.0
D1J6P8,D1J6P8_9CNID,VFP,ok,False,,503.0,491.0,1.0,AF-D1J6P8-F1-model_v6.cif,750.8,103.02,35.59,28.96,0.581,0.889,51.0,97.5,166.0,225.0
D1KWT0,D1KWT0_9CNID,,no_af_model,,,,,,,,,,,,,,,,
D1KWT1,D1KWT1_9CNID,meruFP,ok,False,,,,,AF-D1KWT1-F1-model_v6.cif,723.7,102.06,34.49,30.18,0.484,0.873,50.8,97.5,167.0,225.0
D1KWT2,D1KWT2_LOBHE,,no_af_model,,,,,,,,,,,,,,,,
D1KWT4,D1KWT4_9CNID,,no_af_model,,,,,,,,,,,,,,,,
D1KWT5,D1KWT5_LOBHE,,ok,False,,,,,AF-D1KWT5-F1-model_v6.cif,769.7,102.04,34.1,28.85,0.533,0.929,52.3,96.7,161.0,226.0
D1KWT6,D1KWT6_9CNID,,no_af_model,,,,,,,,,,,,,,,,
D3TI87,D3TI87_9CNID,,ok,False,,,,,AF-D3TI87-F1-model_v6.cif,703.9,97.89,32.65,31.09,0.305,0.923,55.5,96.3,171.0,237.0
D7PM04,D7PM04_CLYGR,,ok,False,,,,,AF-D7PM04-F1-model_v6.cif,674.8,95.27,31.17,30.06,0.264,0.934,53.9,97.0,162.0,235.0
D7PM06,D7PM06_CLYGR,,ok,False,,,,,AF-D7PM06-F1-model_v6.cif,658.8,93.45,31.06,29.72,0.29,0.948,54.3,97.0,159.0,235.0
D7PM10,D7PM10_CLYGR,,ok,False,,,,,AF-D7PM10-F1-model_v6.cif,677.0,95.46,31.44,30.05,0.294,0.934,53.7,97.1,163.0,235.0
D7PM12,D7PM12_CLYGR,,ok,False,,,,,AF-D7PM12-F1-model_v6.cif,674.3,95.12,31.27,30.07,0.274,0.937,53.8,97.0,161.0,235.0
G1JSF2,G1JSF2_9CNID,obeCFP,ok,False,,499.0,400.0,0.62,AF-G1JSF2-F1-model_v6.cif,650.8,95.17,31.33,29.14,0.368,0.903,51.0,95.7,160.0,234.0
G1JSF3,G1JSF3_9CNID,obeGFP,ok,False,,515.0,502.0,0.62,AF-G1JSF3-F1-model_v6.cif,653.3,94.73,31.49,29.39,0.359,0.915,50.6,95.7,160.0,234.0
G1JSF4,G1JSF4_9CNID,obeYFP,ok,False,,528.0,514.0,0.57,AF-G1JSF4-F1-model_v6.cif,641.4,93.6,30.76,29.28,0.306,0.92,50.5,95.8,155.0,234.0
G8HT93,G8HT93_ACRMI,,ok,False,,,,,AF-G8HT93-F1-model_v6.cif,645.9,94.21,31.8,27.95,0.477,0.914,49.1,96.7,161.0,231.0
H3JQU4,H3JQU4_ENTQU,,ok,False,,,,,AF-H3JQU4-F1-model_v6.cif,754.8,101.66,36.12,29.0,0.596,0.918,49.4,98.2,171.0,223.0
H3JQU5,H3JQU5_ENTQU,,ok,False,,,,,AF-H3JQU5-F1-model_v6.cif,658.9,96.52,32.91,28.22,0.515,0.889,48.9,98.0,161.0,226.0
H3JQU6,H3JQU6_ENTQU,,ok,False,,,,,AF-H3JQU6-F1-model_v6.cif,718.5,100.39,34.55,28.49,0.566,0.896,48.8,97.5,158.0,231.0
H3JQU7,H3JQU7_ENTQU,eqFP578,ok,False,,578.0,552.0,0.54,AF-H3JQU7-F1-model_v6.cif,744.8,102.07,34.41,28.85,0.545,0.898,48.9,97.8,165.0,231.0
I0IUJ0,I0IUJ0_ACRTE,,ok,False,,,,,AF-I0IUJ0-F1-model_v6.cif,646.0,94.13,32.07,28.06,0.484,0.916,48.7,96.8,158.0,231.0
I0IUJ1,I0IUJ1_ACRTE,atenFP,ok,False,,515.0,504.0,,AF-I0IUJ1-F1-model_v6.cif,744.6,102.48,37.53,26.52,0.708,0.891,50.2,94.9,162.0,220.0
I0IY48,I0IY48_ACRDI,,ok,False,,,,,AF-I0IY48-F1-model_v6.cif,752.0,101.96,37.68,27.71,0.678,0.909,46.3,98.2,167.0,214.0
I1DSK1,I1DSK1_ACRDI,,ok,False,,,,,AF-I1DSK1-F1-model_v6.cif,667.3,101.09,41.31,22.37,0.841,0.821,51.9,94.3,139.0,203.0
I1DSK2,I1DSK2_ACRDI,,ok,False,,,,,AF-I1DSK2-F1-model_v6.cif,731.9,101.43,35.14,28.12,0.6,0.894,49.6,93.9,175.0,231.0
I1DSK3,I1DSK3_ACRDI,,ok,False,,,,,AF-I1DSK3-F1-model_v6.cif,688.8,97.74,36.39,26.39,0.689,0.906,50.3,95.9,167.0,220.0
I1DSK4,I1DSK4_ACRDI,,ok,False,,,,,AF-I1DSK4-F1-model_v6.cif,731.9,101.33,37.27,26.81,0.695,0.896,50.1,95.2,167.0,220.0
I1DSK9,I1DSK9_ACRDI,,ok,False,,,,,AF-I1DSK9-F1-model_v6.cif,646.6,95.02,32.11,28.66,0.451,0.9,47.1,97.3,143.0,215.0
J9PBR7,J9PBR7_ENTQU,,ok,False,,,,,AF-J9PBR7-F1-model_v6.cif,712.0,99.24,35.69,28.42,0.605,0.909,49.4,98.0,166.0,223.0
J9PBR8,J9PBR8_ENTQU,,ok,False,,,,,AF-J9PBR8-F1-model_v6.cif,713.9,99.3,35.68,28.58,0.599,0.91,49.5,98.0,165.0,223.0
J9PGG2,J9PGG2_9CNID,CheGFP2,ok,False,,508.0,488.0,,AF-J9PGG2-F1-model_v6.cif,690.8,96.82,31.3,30.05,0.28,0.926,55.4,96.6,158.0,237.0
J9PIH6,J9PIH6_9CNID,CheGFP3,ok,False,,,,,AF-J9PIH6-F1-model_v6.cif,694.8,96.7,32.64,29.24,0.445,0.934,59.1,93.5,162.0,233.0
J9PJD5,J9PJD5_9CNID,CheGFP4,ok,False,,500.0,488.0,,AF-J9PJD5-F1-model_v6.cif,672.4,96.06,30.82,29.91,0.241,0.916,60.5,94.6,165.0,233.0
M4QSB1,M4QSB1_ACRMI,amilCP604,ok,False,,,604.0,,AF-M4QSB1-F1-model_v6.cif,714.4,100.25,34.74,28.21,0.583,0.893,48.8,97.6,166.0,221.0
M4QUP7,M4QUP7_ACRMI,amilCP586,ok,False,,,586.0,,AF-M4QUP7-F1-model_v6.cif,715.3,100.3,35.28,28.46,0.591,0.894,48.7,97.7,163.0,221.0
M4R4D0,M4R4D0_ACRMI,amilCP580,ok,False,,,580.0,,AF-M4R4D0-F1-model_v6.cif,711.3,100.12,34.64,28.42,0.572,0.892,48.7,97.9,164.0,221.0
Q09HR5,Q09HR5_CORYC,ccalGFP3,ok,False,,517.0,505.0,0.48,AF-Q09HR5-F1-model_v6.cif,689.0,97.87,32.62,28.13,0.506,0.904,59.4,94.9,161.0,221.0
Q17105,Q17105_AEQVI,,ok,False,,,,,AF-Q17105-F1-model_v6.cif,690.7,96.91,32.1,31.01,0.258,0.924,53.9,96.4,163.0,238.0
Q17106,Q17106_AEQVI,,ok,False,,,,,AF-Q17106-F1-model_v6.cif,696.4,97.09,32.31,31.24,0.255,0.928,53.9,96.7,167.0,238.0
Q1ALD3,Q1ALD3_CORYC,ccalOFP1,ok,False,,561.0,508.0,0.52,AF-Q1ALD3-F1-model_v6.cif,716.3,100.24,33.38,30.35,0.416,0.896,51.6,94.1,164.0,226.0
Q1ALD4,Q1ALD4_CORYC,ccalGFP1,ok,False,,517.0,504.0,0.46,AF-Q1ALD4-F1-model_v6.cif,688.0,97.62,32.42,28.17,0.495,0.907,61.0,94.9,168.0,221.0
Q1ALD5,Q1ALD5_CORYC,,ok,False,,,,,AF-Q1ALD5-F1-model_v6.cif,670.9,95.77,33.0,27.94,0.532,0.919,55.6,93.7,163.0,226.0
Q2LI65,Q2LI65_ORBFA,,ok,False,,,,,AF-Q2LI65-F1-model_v6.cif,766.9,104.67,34.31,30.93,0.433,0.88,48.8,94.9,174.0,225.0
Q2LI66,Q2LI66_9CNID,,ok,False,,,,,AF-Q2LI66-F1-model_v6.cif,826.1,106.23,36.92,29.04,0.617,0.92,67.9,93.8,196.0,236.0
Q2VFP3,Q2VFP3_ACTEQ,,ok,False,,,,,AF-Q2VFP3-F1-model_v6.cif,838.1,107.44,34.5,31.23,0.425,0.912,48.5,97.0,172.0,231.0
Q2VTM8,Q2VTM8_CORYC,ccalYFP1,ok,False,,523.0,514.0,0.75,AF-Q2VTM8-F1-model_v6.cif,686.9,98.13,33.2,27.87,0.543,0.896,58.8,95.6,162.0,221.0
Q2VTM9,Q2VTM9_CORYC,ccalRFP1,ok,False,,598.0,568.0,0.59,AF-Q2VTM9-F1-model_v6.cif,732.1,99.6,32.67,29.57,0.425,0.927,54.8,95.1,166.0,221.0
Q53UG7,Q53UG7_DIPFA,,ok,False,,,,,AF-Q53UG7-F1-model_v6.cif,736.9,102.18,33.93,30.53,0.436,0.887,49.4,96.7,168.0,227.0
Q53UG8,Q53UG8_DIPFA,,ok,False,,,,,AF-Q53UG8-F1-model_v6.cif,710.4,99.57,34.33,29.69,0.502,0.9,50.1,96.7,166.0,227.0
Q5QIU5,Q5QIU5_HETMG,,ok,False,,,,,AF-Q5QIU5-F1-model_v6.cif,735.5,100.43,33.21,30.74,0.378,0.916,50.3,96.1,176.0,228.0
Q5S3G7,Q5S3G7_9CNID,mPlum,ok,True,2QLG,649.0,590.0,0.1,AF-Q5S3G7-F1-model_v6.cif,665.4,97.22,34.22,27.09,0.611,0.885,60.6,95.9,162.0,226.0
Q5S3G8,Q5S3G8_9CNID,mRaspberry,ok,False,,625.0,598.0,0.15,AF-Q5S3G8-F1-model_v6.cif,668.3,96.06,33.25,27.55,0.56,0.91,60.8,95.3,158.0,226.0
Q5S6Z9,Q5S6Z9_LOBHE,EosFP,ok,False,,516.0,506.0,0.7,AF-Q5S6Z9-F1-model_v6.cif,699.2,96.64,32.99,28.47,0.505,0.941,52.6,96.2,163.0,226.0
Q5ZQQ5,Q5ZQQ5_CERMM,,ok,False,,,,,AF-Q5ZQQ5-F1-model_v6.cif,633.4,92.6,32.56,28.14,0.503,0.928,48.6,97.1,154.0,225.0
Q5ZQQ6,Q5ZQQ6_ENTQU,,ok,False,,,,,AF-Q5ZQQ6-F1-model_v6.cif,769.0,102.65,33.99,28.56,0.542,0.917,47.8,94.7,186.0,230.0
Q60I25,Q60I25_GALFS,AzamiGreen,ok,False,,505.0,492.0,0.67,AF-Q60I25-F1-model_v6.cif,713.7,100.76,33.99,29.78,0.482,0.883,50.9,97.6,169.0,225.0
Q66ND1,Q66ND1_POCDA,PdaC1,ok,False,,492.0,480.0,,AF-Q66ND1-F1-model_v6.cif,723.2,99.13,34.5,27.91,0.588,0.925,57.6,95.2,162.0,222.0
Q66ND3,Q66ND3_9CNID,McaG2,ok,False,,502.0,492.0,,AF-Q66ND3-F1-model_v6.cif,772.8,103.96,34.44,30.12,0.485,0.899,50.8,97.6,170.0,225.0
Q66ND6,Q66ND6_DISST,,no_af_model,,,,,,,,,,,,,,,,
Q66ND8,Q66ND8_9CNID,DspR1,ok,False,,582.0,556.0,,AF-Q66ND8-F1-model_v6.cif,826.1,106.22,36.9,29.02,0.618,0.92,68.8,94.0,198.0,236.0
Q66PU5,Q66PU5_AGAFR,afraGFP,ok,False,,503.0,494.0,0.61,AF-Q66PU5-F1-model_v6.cif,701.8,99.58,33.9,29.68,0.483,0.889,48.2,97.5,164.0,226.0
Q66PU8,Q66PU8_9CNID,aacuCP,ok,False,,,580.0,,AF-Q66PU8-F1-model_v6.cif,680.0,97.04,35.02,26.83,0.643,0.907,48.6,97.8,162.0,221.0
Q66PU9,Q66PU9_9CNID,ahyaCP,ok,False,,,580.0,,AF-Q66PU9-F1-model_v6.cif,713.0,100.24,35.04,27.87,0.606,0.892,48.6,97.7,164.0,221.0
Q66PV0,Q66PV0_ACRMI,amilCP,ok,True,7SWS,,588.0,,AF-Q66PV0-F1-model_v6.cif,685.0,97.33,35.13,27.22,0.632,0.909,48.7,97.8,159.0,221.0
Q66PV1,Q66PV1_ACRTE,,ok,False,,,,,AF-Q66PV1-F1-model_v6.cif,688.0,97.5,35.44,27.06,0.646,0.91,48.8,97.9,161.0,221.0
Q66PV2,Q66PV2_ACRMI,amilFP593,ok,False,,593.0,562.0,0.49,AF-Q66PV2-F1-model_v6.cif,613.2,91.61,31.16,27.94,0.443,0.918,48.8,96.0,157.0,232.0
Q66PV3,Q66PV3_ACRRB,anobCFP1,ok,False,,490.0,462.0,0.86,AF-Q66PV3-F1-model_v6.cif,712.6,100.47,35.66,27.97,0.62,0.887,48.3,94.2,171.0,231.0
Q66PV4,Q66PV4_ACRRB,anobCFP2,ok,False,,495.0,477.0,0.49,AF-Q66PV4-F1-model_v6.cif,694.4,99.9,35.97,27.66,0.639,0.874,48.9,94.1,167.0,231.0
Q66PV5,Q66PV5_ACRMI,amilFP490,ok,False,,490.0,424.0,0.9,AF-Q66PV5-F1-model_v6.cif,726.0,100.95,35.34,28.0,0.61,0.895,48.1,94.5,177.0,231.0
Q66PV6,Q66PV6_9CNID,aacuGFP1,ok,False,,502.0,478.0,0.61,AF-Q66PV6-F1-model_v6.cif,709.3,100.27,35.41,27.78,0.62,0.887,47.6,94.7,173.0,231.0
Q66PV7,Q66PV7_ACRRB,anobGFP,ok,False,,511.0,502.0,0.6,AF-Q66PV7-F1-model_v6.cif,712.8,99.99,35.25,28.06,0.605,0.896,49.3,93.9,176.0,231.0
Q66PV8,Q66PV8_ACRMI,amilFP513,ok,False,,513.0,504.0,0.67,AF-Q66PV8-F1-model_v6.cif,743.7,101.66,35.41,28.26,0.603,0.904,48.7,94.0,177.0,231.0
Q66PV9,Q66PV9_9CNID,aacuGFP2,ok,False,,513.0,502.0,0.71,AF-Q66PV9-F1-model_v6.cif,708.8,99.78,35.12,27.93,0.606,0.895,48.7,94.1,177.0,231.0
Q66PW0,Q66PW0_RICFL,,no_af_model,,,,,,,,,,,,,,,,
Q66PW1,Q66PW1_9CNID,scubRFP,ok,False,,578.0,570.0,0.6,AF-Q66PW1-F1-model_v6.cif,752.9,100.84,33.43,28.8,0.508,0.931,56.1,95.7,163.0,230.0
Q692V6,Q692V6_ACRMI,A1a,ok,False,,,,,AF-Q692V6-F1-model_v6.cif,614.4,91.65,30.92,28.01,0.424,0.919,48.8,96.3,157.0,232.0
Q6I7B1,Q6I7B1_9CNID,MiCy,ok,False,,495.0,472.0,0.9,AF-Q6I7B1-F1-model_v6.cif,702.9,99.31,34.25,28.23,0.566,0.896,50.0,92.7,165.0,232.0
Q6I7B3,Q6I7B3_LITCO,KO,ok,False,,561.0,548.0,0.45,AF-Q6I7B3-F1-model_v6.cif,663.0,96.85,33.14,27.97,0.536,0.888,49.7,97.6,154.0,217.0
Q6I7B4,Q6I7B4_LITCO,,ok,False,,,,,AF-Q6I7B4-F1-model_v6.cif,689.4,97.98,36.22,27.44,0.653,0.902,47.3,98.0,157.0,210.0
Q6KF85,Q6KF85_9CNID,FP586,ok,False,,586.0,559.0,,AF-Q6KF85-F1-model_v6.cif,660.5,95.78,33.03,27.08,0.573,0.905,59.4,96.3,158.0,225.0
Q6R8F3,Q6R8F3_ASTHA,alajGFP3,ok,False,,504.0,494.0,,AF-Q6R8F3-F1-model_v6.cif,725.2,98.64,32.77,29.49,0.436,0.937,60.2,93.3,168.0,226.0
Q6R8F4,Q6R8F4_ASTHA,alajGFP2,ok,False,,517.0,509.0,,AF-Q6R8F4-F1-model_v6.cif,589.4,89.52,32.28,26.61,0.566,0.924,46.4,95.6,145.0,219.0
Q6R8F5,Q6R8F5_ASTHA,alajGFP1,ok,False,,517.0,509.0,,AF-Q6R8F5-F1-model_v6.cif,627.7,94.9,34.05,25.86,0.651,0.876,58.1,94.1,154.0,223.0
Q6RYS4,Q6RYS4_9CNID,anm2CP,ok,False,,597.0,572.0,0.001,AF-Q6RYS4-F1-model_v6.cif,698.7,100.07,32.94,30.59,0.371,0.877,48.9,97.5,175.0,232.0
Q6RYS5,Q6RYS5_9CNID,anm1GFP2,ok,False,,504.0,490.0,,AF-Q6RYS5-F1-model_v6.cif,677.2,98.66,31.67,29.49,0.365,0.874,47.0,94.7,159.0,225.0
Q6RYS7,Q6RYS7_9CNID,,ok,False,,,,,AF-Q6RYS7-F1-model_v6.cif,628.7,92.25,30.5,29.56,0.246,0.929,47.7,97.0,155.0,234.0
Q6USK3,Q6USK3_9CNID,mcRFP,ok,False,,,,,AF-Q6USK3-F1-model_v6.cif,687.8,97.74,33.32,29.0,0.493,0.905,50.4,96.7,162.0,225.0
Q6YGZ0,Q6YGZ0_9CNID,aceGFP,ok,True,3LVA,505.0,480.0,0.55,AF-Q6YGZ0-F1-model_v6.cif,684.6,96.4,32.11,31.01,0.26,0.926,53.8,96.6,168.0,238.0
Q7Z0W4,Q7Z0W4_9CNID,mc6,ok,False,,507.0,495.0,,AF-Q7Z0W4-F1-model_v6.cif,772.5,103.96,34.44,30.46,0.467,0.898,50.9,97.6,171.0,225.0
Q7Z0W5,Q7Z0W5_9CNID,mc5,ok,False,,495.0,435.0,,AF-Q7Z0W5-F1-model_v6.cif,742.3,102.65,33.72,30.4,0.433,0.885,51.1,97.2,172.0,225.0
Q7Z0W9,Q7Z0W9_9CNID,mc1,ok,False,,582.0,508.0,,AF-Q7Z0W9-F1-model_v6.cif,688.3,97.56,33.4,29.42,0.474,0.909,50.3,96.9,157.0,225.0
Q7Z168,Q7Z168_9CNID,OFP,ok,False,,573.0,548.0,0.64,AF-Q7Z168-F1-model_v6.cif,614.5,91.22,32.05,28.26,0.472,0.928,45.8,97.3,154.0,222.0
Q86LC2,Q86LC2_9CNID,,ok,False,,,,,AF-Q86LC2-F1-model_v6.cif,652.5,94.38,31.53,28.17,0.449,0.921,51.6,96.5,162.0,231.0
Q86LV4,Q86LV4_HETMG,hmGFP,ok,False,,510.0,490.0,,AF-Q86LV4-F1-model_v6.cif,720.9,99.9,32.94,30.99,0.339,0.908,53.3,95.7,166.0,228.0
Q86LV8,Q86LV8_9CNID,mmGFP,ok,False,,505.0,398.0,0.645,AF-Q86LV8-F1-model_v6.cif,650.7,94.56,32.37,28.33,0.484,0.914,48.2,96.2,161.0,214.0
Q8I6J8,Q8I6J8_TRAGO,,ok,False,,,,,AF-Q8I6J8-F1-model_v6.cif,684.7,97.4,33.46,27.56,0.567,0.907,50.9,96.6,155.0,225.0
Q8MU45,Q8MU45_CONGI,Fpcondchrom,ok,False,,,,,AF-Q8MU45-F1-model_v6.cif,730.6,100.26,33.8,30.94,0.403,0.913,50.5,96.2,162.0,227.0
Q8MU48,Q8MU48_ORBAN,,no_af_model,,,,,,,,,,,,,,,,
Q8T4U4,Q8T4U4_9CNID,zoan2RFP,ok,False,,576.0,552.0,,AF-Q8T4U4-F1-model_v6.cif,654.7,94.35,33.46,27.84,0.555,0.924,48.1,97.1,165.0,231.0
Q8T5E7,Q8T5E7_CONGI,,no_af_model,,,,,,,,,,,,,,,,
Q8T5F0,Q8T5F0_9CNID,,no_af_model,,,,,,,,,,,,,,,,
Q8T5F1,Q8T5F1_9CNID,mcavRFP,ok,False,,580.0,508.0,,AF-Q8T5F1-F1-model_v6.cif,689.4,97.69,33.06,29.19,0.469,0.908,50.5,96.7,162.0,225.0
Q8T5F3,Q8T5F3_9CNID,,no_af_model,,,,,,,,,,,,,,,,
Q8T6T9,Q8T6T9_RADCR,hcriGFP,ok,False,,500.0,405.0,,AF-Q8T6T9-F1-model_v6.cif,755.7,102.37,33.73,30.65,0.417,0.906,47.5,95.2,169.0,225.0
Q8T6U0,Q8T6U0_9CNID,dendFP,ok,False,,508.0,492.0,0.65,AF-Q8T6U0-F1-model_v6.cif,703.9,100.22,33.38,30.17,0.428,0.881,50.7,97.1,172.0,225.0
Q8WP95,Q8WP95_9CNID,,ok,False,,,,,AF-Q8WP95-F1-model_v6.cif,684.7,96.51,32.15,31.07,0.257,0.924,53.4,96.1,168.0,238.0
Q8WTC4,Q8WTC4_9CNID,ShG24,ok,False,,506.0,486.0,,AF-Q8WTC4-F1-model_v6.cif,678.4,96.27,32.42,30.8,0.313,0.92,53.4,96.5,162.0,238.0
Q8WTC5,Q8WTC5_9CNID,OFPxm,ok,False,,523.0,509.0,0.25,AF-Q8WTC5-F1-model_v6.cif,685.6,96.52,32.3,31.16,0.264,0.925,53.2,96.5,168.0,238.0
Q8WTC6,Q8WTC6_9CNID,GFPxm19uv,ok,False,,505.0,393.0,,AF-Q8WTC6-F1-model_v6.cif,683.2,96.49,32.27,31.16,0.26,0.922,53.4,96.3,167.0,238.0
Q8WTC7,Q8WTC7_9CNID,GFPxm191uv,ok,False,,510.0,498.0,,AF-Q8WTC7-F1-model_v6.cif,680.3,96.34,32.08,30.8,0.28,0.921,53.4,96.5,164.0,238.0
Q8WTC8,Q8WTC8_9CNID,GFPxm163,ok,False,,523.0,512.0,1.0,AF-Q8WTC8-F1-model_v6.cif,685.0,96.58,32.33,31.16,0.267,0.923,53.2,96.6,168.0,238.0
Q8WTC9,Q8WTC9_9CNID,GFPxm162,ok,False,,525.0,514.0,,AF-Q8WTC9-F1-model_v6.cif,684.8,96.51,32.18,31.26,0.238,0.924,53.2,96.4,168.0,238.0
Q8WTD0,Q8WTD0_9CNID,GFPxm161,ok,False,,510.0,500.0,,AF-Q8WTD0-F1-model_v6.cif,681.7,96.44,32.5,30.68,0.33,0.921,53.2,96.9,164.0,238.0
Q95UA7,Q95UA7_9CNID,mcCFP,ok,False,,477.0,432.0,0.385,AF-Q95UA7-F1-model_v6.cif,687.9,98.57,32.89,29.53,0.441,0.89,51.0,97.3,168.0,225.0
Q95VT0,Q95VT0_9CNID,,no_af_model,,,,,,,,,,,,,,,,
Q962P9,Q962P9_ORBFA,,ok,False,,,,,AF-Q962P9-F1-model_v6.cif,744.2,103.49,33.93,29.26,0.506,0.873,49.4,96.6,166.0,227.0
Q963F5,Q963F5_9CNID,mcavFP,ok,False,,510.0,440.0,,AF-Q963F5-F1-model_v6.cif,699.0,100.52,34.73,29.06,0.548,0.869,50.8,97.7,162.0,225.0
Q963I9,Q963I9_RENRE,rrenGFP,ok,False,,508.0,485.0,,AF-Q963I9-F1-model_v6.cif,727.9,100.63,33.5,29.36,0.481,0.903,48.7,95.7,163.0,233.0
Q9BLY9,Q9BLY9_RENMU,,ok,False,,,,,AF-Q9BLY9-F1-model_v6.cif,851.0,109.83,34.84,29.2,0.545,0.887,50.0,94.6,189.0,238.0
Q9BLZ0,Q9BLZ0_9CNID,ptilGFP,ok,False,,508.0,500.0,,AF-Q9BLZ0-F1-model_v6.cif,831.8,108.19,36.33,29.47,0.585,0.893,51.3,95.4,189.0,238.0
Q9GPI5,Q9GPI5_ANESU,asCP562,ok,False,,595.0,562.0,,AF-Q9GPI5-F1-model_v6.cif,759.8,102.02,34.09,30.32,0.457,0.917,48.7,96.7,186.0,232.0
Q9GPI6,Q9GPI6_ANESU,asFP499,ok,True,2C9I,499.0,480.0,,AF-Q9GPI6-F1-model_v6.cif,775.4,102.88,33.51,30.52,0.413,0.921,48.8,97.8,169.0,228.0
Q9GTJ7,Q9GTJ7_9CNID,dis2RFP,ok,False,,593.0,573.0,,AF-Q9GTJ7-F1-model_v6.cif,691.7,97.7,33.21,28.25,0.526,0.911,57.6,95.8,156.0,230.0
T2HNK0,T2HNK0_9CNID,,ok,False,,,,,AF-T2HNK0-F1-model_v6.cif,687.3,97.03,33.07,28.72,0.496,0.917,50.1,95.7,163.0,221.0
