uniprot_id,label,description,n_pdb_total,n_in_dataset,matched_pdbs
Q8T6T8,dis3GFP,,0,0,
Q8T5F2,mcavGFP,,0,0,
Q7Z0W7,mc3,,0,0,
Q8MU47,Fpmcavgr7.7,,0,0,
B6CTZ5,plamGFP,,0,0,
Q8MMA1,Fpaagar,,0,0,
Q9U6Y3,cFP484,,13,11,"2HQK,2OTB,2OTE,4Q9W,4Q9X,4R6D,6FP7,6FP8,6QSL,6QSM,6QSO"
Q8MMA2,Fpag_frag,,0,0,
B1PNC0,LanYFP,,2,2,"5LTQ,5LTR"
Q2MHN7,CpYGFP,,2,2,"2DD7,2DD9"
Q6WV11,laesGFP,,0,0,
Q6WV08,pdae1GFP,,0,0,
P42212,GFP_AEQVI,Green fluorescent protein OS=Aequorea victoria OX=6100 GN=GFP PE=1 SV=1,587,465,"1B9C,1BFP,1C4F,1CV7,1EMA,1EMB,1EMC,1EME,1EMF,1EMG,1EMK,1EML,1EMM,1F09,1F0B,1GFL,1H6R,1HCJ,1HUY,1JBY,1JBZ,1JC0,1JC1,1KP5,1KYP,1KYR,1KYS,1MYW,1Q4A,1Q4B,1Q4C,1Q4D,1Q4E,1Q73,1QXT,1QY3,1QYF,1QYO,1QYQ,1RM9,1RMM,1RMO,1RMP,1RRX,1S6Z,1W7S,1W7T,1W7U,1YFP,1YHG,1YHH,1YHI,1YJ2,1YJF,1Z1P,1Z1Q,2AH8,2AHA,2AWJ,2AWK,2AWL,2AWM,2B3P,2B3Q,2DUE,2DUF,2DUG,2DUH,2DUI,2EMD,2EMN,2EMO,2FWQ,2FZU,2G16,2G2S,2G3D,2G5Z,2G6E,2H6V,2H9W,2HCG,2HFC,2HGD,2HGY,2HJO,2HQZ,2HRS,2JAD,2O24,2O29,2O2B,2OKW,2OKY,2Q57,2Q6P,2QRF,2QT2,2QU1,2QZ0,2WSN,2WSO,2WUR,2Y0G,2YDZ,2YE0,2YE1,2YFP,3AI4,3AI5,3CB9,3CBE,3CD1,3CD9,3DPW,3DPX,3DPZ,3DQ1,3DQ2,3DQ3,3DQ4,3DQ5,3DQ6,3DQ7,3DQ8,3DQ9,3DQA,3DQC,3DQD,3DQE,3DQF,3DQH,3DQI,3DQJ,3DQK,3DQL,3DQM,3DQN,3DQO,3DQU,3ED8,3EVP,3EVR,3G9A,3GEX,3GJ1,3GJ2,3I19,3K1K,3LA1,3OGO,3P28,3SRY,3SS0,3SSH,3SSK,3SSL,3SSP,3SST,3SSV,3SSY,3ST0,3SV5,3SVB,3SVC,3SVD,3SVE,3U8P,3UFZ,3UG0,3V3D,3VHT,3W1C,3W1D,3ZTF,4ANJ,4AR7,4AS8,4B5Y,4BDU,4EN1,4EUL,4GES,4GF6,4H47,4H48,4IK1,4IK3,4IK4,4IK5,4IK8,4IK9,4J88,4J89,4J8A,4JFG,4JRB,4KA9,4KAG,4KEX,4KF5,4KW4,4KW8,4KW9,4L12,4L13,4L1I,4LQT,4LQU,4LW5,4N3D,4NDJ,4NDK,4OGS,4ORN,4P1Q,4P7H,4PA0,4PFE,4U2V,4XBI,4XGY,4XL5,4XOV,4XOW,4XVP,4Z4K,4Z4M,4ZF3,4ZF4,4ZF5,5AQB,5B61,5DPG,5DPH,5DPI,5DPJ,5DQB,5DQM,5DRF,5DRG,5DTX,5DTY,5DTZ,5DU0,5EHU,5F9G,5FGU,5HBD,5HGE,5HW9,5HZO,5J2O,5J3N,5JZK,5JZL,5KTG,5LEL,5LEM,5MA3,5MA4,5MA5,5MA6,5MA8,5MA9,5MAD,5MAK,5MSE,5N9O,5NHN,5NI3,5O89,5O8B,5O8C,5OX8,5OX9,5OXA,5OXB,5OXC,5T3I,5WJ2,5WJ3,5WJ4,5Z6Y,6AA2,6AA6,6AS9,6B7R,6B7T,6B9C,6DQ0,6DQ1,6EFR,6FLL,6FWW,6GEL,6GEZ,6GO8,6GO9,6GQG,6GQH,6GRM,6HR1,6HUT,6IR6,6IR7,6JGH,6JGI,6JGJ,6KKZ,6KL0,6KL1,6KRG,6L27,6LNP,6LR7,6M63,6OA8,6OFK,6OFL,6OFM,6OFN,6OFO,6OG8,6OG9,6OGA,6OGB,6OGC,6PFR,6PFS,6PFT,6PFU,6QQ8,6QQ9,6QQA,6QQB,6QUH,6QUI,6QUJ,6SM0,6T39,6T3A,6UHJ,6UHK,6UHL,6UHM,6UHN,6UHO,6UHP,6UHQ,6UHR,6UN4,6UN5,6UN6,6UN7,6VIO,6WV3,6WV4,6WV5,6WV6,6WV7,6WV8,6WV9,6WVA,6WVB,6WVD,6WVE,6WVF,6WVG,6WVH,6WVI,6XZF,6ZUI,7A7K,7A7L,7AMB,7AMF,7AMU,7CD7,7CD8,7KM4,7O7C,7O7D,7O7E,7O7H,7O7U,7O7V,7O7W,7O7X,7PCA,7PCZ,7PD0,7PNN,7SAH,7SAI,7YEU,7YV3,7YV5,8A6G,8A6N,8A6O,8A6P,8A6Q,8A6R,8A6S,8A7V,8A83,8AHA,8AHB,8AM4,8B6S,8B6T,8BAN,8BAV,8BBJ,8BVG,8BXP,8C1X,8C7I,8DHR,8DPD,8DTA,8G0I,8IYY,8IYZ,8IZ0,8IZ1,8IZ2,8IZ3,8JKC,8JKG,8JKI,8JL2,8JL5,8JL6,8JL7,8JLL,8JLM,8JLS,8JLT,8JLU,8OVN,8OVO,8OVP,8OVY,8QWJ,8SFS,8SFV,8SFX,8SFZ,8SG3,8SLC,8SMU,8UQQ,8ZUP,8ZUQ,8ZUR,8ZUS,8ZUT,9BCF,9C74,9F22,9F23,9F24,9LYL"
P83690,NFCP_MONEF,GFP-like non-fluorescent chromoprotein OS=Montipora efflorescens OX=105610 PE=1 SV=2,6,6,"1MOU,1MOV,2ARL,2P4M,3VIC,3VK1"
Q8ISF8,RFP_ENTQU,Red fluorescent protein eqFP611 OS=Entacmaea quadricolor OX=6118 PE=1 SV=1,13,13,"1UIS,3E5T,3E5V,3E5W,3IP2,3U0L,3U0M,3U0N,6XWY,7Q6B,7QGK,8AAB,8C0N"
Q95W85,NFCP_RADCR,GFP-like non-fluorescent chromoprotein OS=Radianthus crispa OX=3122430 PE=1 SV=1,3,3,"1YZW,6DEJ,6Y1G"
Q9GZ28,NFCP_ANESU,GFP-like non-fluorescent chromoprotein FP595 OS=Anemonia sulcata OX=6108 PE=1 SV=1,10,10,"1XMZ,1XQM,2A50,2A52,2A53,2A54,2A56,3CFA,3CFF,3CFH"
Q9U6Y4,GFPL2_ZOASP,GFP-like fluorescent chromoprotein FP538 OS=Zoanthus sp. OX=105402 PE=1 SV=1,6,6,"1XA9,1XAE,2OGR,5Y8Q,5Y8R,6LOF"
Q9U6Y8,RFP_DISSP,Red fluorescent protein drFP583 OS=Discosoma sp. OX=86600 PE=1 SV=1,24,22,"1G7K,1GGX,1ZGO,1ZGP,1ZGQ,2H5O,2H5R,2H8Q,2V4E,2VAD,2VAE,4KF4,4KF5,5LK4,7OIN,7ZCT,8ARM,8B65,8B7G,8BGL,8ZXH,8ZXO"
Q95P04,NFCP_GONTE,GFP-like non-fluorescent chromoprotein OS=Goniopora tenuidens OX=75301 PE=1 SV=1,0,0,
Q95W86,NFCP_CONGI,GFP-like non-fluorescent chromoprotein OS=Condylactis gigantea OX=47073 PE=1 SV=1,0,0,
Q9U6Y6,GFPL_ANEMA,GFP-like fluorescent chromoprotein amFP486 OS=Anemonia manjano OX=105399 PE=1 SV=1,3,3,"2A46,2A47,2A48"
Q9U6Y7,GFPL_DISST,GFP-like fluorescent chromoprotein dsFP483 OS=Discosoma striata OX=105400 PE=1 SV=1,1,1,3CGL
D7PM05,D7PM05_CLYGR,Green-fluorescent protein 10 OS=Clytia gregaria OX=27801 GN=GFP2 PE=1 SV=1,1,1,2HPW
Q9U6Y5,GFPL1_ZOASP,GFP-like fluorescent chromoprotein FP506 OS=Zoanthus sp. OX=105402 PE=1 SV=1,4,4,"2ICR,2OJK,2PXS,2PXW"
A0A023HH81,A0A023HH81_ACRMI,FP597 protein OS=Acropora millepora OX=45264 GN=FP597 PE=2 SV=1,0,0,
A0A0H3TYV3,A0A0H3TYV3_ACRMI,Chromoprotein CP506 OS=Acropora millepora OX=45264 GN=CP506 PE=2 SV=1,0,0,
A0A0H3TZ06,A0A0H3TZ06_ACRMI,Chromoprotein CP564 OS=Acropora millepora OX=45264 GN=CP564 PE=2 SV=1,0,0,
A0A0K2S4S8,A0A0K2S4S8_9CNID,Green fluorescent protein S4 (Fragment) OS=Montipora sp. M5 OX=1619226 GN=monGFP PE=2 SV=1,0,0,
A0A0K2S4T2,A0A0K2S4T2_9CNID,Green fluorescent protein S1 (Fragment) OS=Montipora sp. M5 OX=1619226 GN=monGFP PE=2 SV=1,0,0,
A0A0K2S4T3,A0A0K2S4T3_9CNID,Green fluorescent protein L1 (Fragment) OS=Montipora sp. M5 OX=1619226 GN=monGFP PE=2 SV=1,0,0,
A0A0K2S4U1,A0A0K2S4U1_9CNID,Green fluorescent protein S3 (Fragment) OS=Montipora sp. M5 OX=1619226 GN=monGFP PE=2 SV=1,0,0,
A0A0K2S4U7,A0A0K2S4U7_9CNID,Green fluorescent protein OS=Montipora sp. M5 OX=1619226 GN=monGFP PE=2 SV=1,0,0,
A0A0K2S4X9,A0A0K2S4X9_9CNID,Green fluorescent protein S2 (Fragment) OS=Montipora sp. M5 OX=1619226 GN=monGFP PE=2 SV=1,0,0,
A0A0K2S5P2,A0A0K2S5P2_9CNID,Green fluorescent protein L2 (Fragment) OS=Montipora sp. M5 OX=1619226 GN=monGFP PE=2 SV=1,0,0,
A0A0M3KL34,A0A0M3KL34_STIGI,"Blue chromoprotein, sgBP OS=Stichodactyla gigantea OX=230562 PE=1 SV=1",1,1,4ZB1
A0A146FGB2,A0A146FGB2_CRIJA,Fluorescent protein OS=Cribrinopsis japonica OX=1799150 GN=cjFP510 PE=2 SV=1,0,0,
A0A172WBN6,A0A172WBN6_FIMAN,Red fluorescent protein OS=Fimbriaphyllia ancora OX=46750 GN=RFP PE=2 SV=1,0,0,
A0A1C6ZYZ5,A0A1C6ZYZ5_9CNID,Red fluorescent protein plobRFP OS=Porites lobata OX=104759 PE=2 SV=1,0,0,
A0A1C7D1L6,A0A1C7D1L6_9CNID,Green fluorescent protein OS=Dendronephthya sp OX=51110 PE=1 SV=1,1,1,5EXB
A0A1D7XF02,A0A1D7XF02_ACTTE,Blue chromoprotein 2 OS=Actinia tenebrosa OX=6105 PE=2 SV=1,0,0,
A0A1D7XF04,A0A1D7XF04_ACTTE,Blue chromoprotein 1 OS=Actinia tenebrosa OX=6105 PE=2 SV=1,0,0,
A0A1L7NRM5,A0A1L7NRM5_SCLGR,Green fluorescent protein like protein OS=Scleronephthya gracillimum OX=285277 GN=akane1 PE=2 SV=1,0,0,
A0A1L7NRM8,A0A1L7NRM8_SCLGR,Green fluorescent protein like protein OS=Scleronephthya gracillimum OX=285277 GN=akane PE=2 SV=1,0,0,
A0A1L7NRN4,A0A1L7NRN4_SCLGR,Green fluorescent protein like protein OS=Scleronephthya gracillimum OX=285277 GN=akane3 PE=2 SV=1,0,0,
A0A1L7NRN7,A0A1L7NRN7_SCLGR,Green fluorescent protein like protein OS=Scleronephthya gracillimum OX=285277 GN=akane2 PE=2 SV=1,0,0,
A0A1S7IWF8,A0A1S7IWF8_ACRDI,Fluorescent protein OS=Acropora digitifera OX=70779 GN=M PE=2 SV=1,0,0,
A0A1S7IWG4,A0A1S7IWG4_ACRDI,Fluorescent protein OS=Acropora digitifera OX=70779 GN=M PE=2 SV=1,0,0,
A0A1S7IWG9,A0A1S7IWG9_ACRDI,Fluorescent protein OS=Acropora digitifera OX=70779 GN=M PE=2 SV=1,0,0,
A0A1S7IWH0,A0A1S7IWH0_ACRDI,Fluorescent protein OS=Acropora digitifera OX=70779 GN=M PE=2 SV=1,0,0,
A0A1S7IWH3,A0A1S7IWH3_ACRDI,Fluorescent protein OS=Acropora digitifera OX=70779 GN=M PE=2 SV=1,0,0,
A0A1S7IWH4,A0A1S7IWH4_ACRDI,Fluorescent protein OS=Acropora digitifera OX=70779 GN=MWE PE=2 SV=1,0,0,
A0A1S7IWH5,A0A1S7IWH5_ACRDI,Fluorescent protein OS=Acropora digitifera OX=70779 GN=MWE PE=2 SV=1,0,0,
A0A1S7IWH7,A0A1S7IWH7_ACRDI,Fluorescent protein OS=Acropora digitifera OX=70779 GN=CP PE=2 SV=1,0,0,
A0A1S7IWH8,A0A1S7IWH8_ACRDI,Fluorescent protein OS=Acropora digitifera OX=70779 GN=CP PE=2 SV=1,0,0,
A0A1S7IWH9,A0A1S7IWH9_ACRDI,Fluorescent protein OS=Acropora digitifera OX=70779 GN=CP PE=2 SV=1,0,0,
A0A1S7IWI0,A0A1S7IWI0_ACRDI,Fluorescent protein OS=Acropora digitifera OX=70779 GN=CP PE=2 SV=1,0,0,
A0A1S7IWI1,A0A1S7IWI1_ACRDI,Fluorescent protein OS=Acropora digitifera OX=70779 GN=MWE PE=2 SV=1,0,0,
A0A1S7IWI2,A0A1S7IWI2_ACRDI,Fluorescent protein OS=Acropora digitifera OX=70779 GN=M PE=2 SV=1,0,0,
A0A1S7IWI3,A0A1S7IWI3_ACRDI,Fluorescent protein OS=Acropora digitifera OX=70779 GN=CP PE=2 SV=1,0,0,
A0A1S7IWI4,A0A1S7IWI4_ACRDI,Fluorescent protein OS=Acropora digitifera OX=70779 GN=CP PE=2 SV=1,0,0,
A0A1S7IWI5,A0A1S7IWI5_ACRDI,Fluorescent protein OS=Acropora digitifera OX=70779 GN=CP PE=2 SV=1,0,0,
A0A1S7IWI6,A0A1S7IWI6_ACRDI,Fluorescent protein OS=Acropora digitifera OX=70779 GN=CP PE=2 SV=1,0,0,
A0A1S7IWI7,A0A1S7IWI7_ACRDI,Fluorescent protein OS=Acropora digitifera OX=70779 GN=MWE PE=2 SV=1,0,0,
A0A1S7IWI8,A0A1S7IWI8_ACRDI,Fluorescent protein OS=Acropora digitifera OX=70779 GN=M PE=1 SV=1,1,1,6AA7
A0A1S7IWJ0,A0A1S7IWJ0_ACRDI,Fluorescent protein OS=Acropora digitifera OX=70779 GN=M PE=2 SV=1,0,0,
A0A1S7IWJ2,A0A1S7IWJ2_ACRDI,Fluorescent protein OS=Acropora digitifera OX=70779 GN=CP PE=2 SV=1,0,0,
A0A1S7IWJ3,A0A1S7IWJ3_ACRDI,Fluorescent protein OS=Acropora digitifera OX=70779 GN=CP PE=2 SV=1,0,0,
A0A1S7IWJ4,A0A1S7IWJ4_ACRDI,Fluorescent protein OS=Acropora digitifera OX=70779 GN=MWE PE=2 SV=1,0,0,
A0A1S7IWK3,A0A1S7IWK3_ACRTE,Fluorescent protein (Fragment) OS=Acropora tenuis OX=70783 GN=MWE PE=2 SV=1,0,0,
A0A1S7IWK5,A0A1S7IWK5_ACRTE,Fluorescent protein (Fragment) OS=Acropora tenuis OX=70783 GN=MWE PE=2 SV=1,0,0,
A0A1S7IWK7,A0A1S7IWK7_ACRTE,Fluorescent protein (Fragment) OS=Acropora tenuis OX=70783 GN=MWE PE=2 SV=1,0,0,
A0A1S7IWK8,A0A1S7IWK8_ACRTE,Fluorescent protein (Fragment) OS=Acropora tenuis OX=70783 GN=MWE PE=2 SV=1,0,0,
A0A1S7IWK9,A0A1S7IWK9_ACRDI,Fluorescent protein OS=Acropora digitifera OX=70779 GN=MWE PE=2 SV=1,0,0,
A0A1S7IWL3,A0A1S7IWL3_ACRDI,Fluorescent protein OS=Acropora digitifera OX=70779 GN=MWE PE=2 SV=1,0,0,
A0A1S7IWL4,A0A1S7IWL4_ACRTE,Fluorescent protein (Fragment) OS=Acropora tenuis OX=70783 GN=MWE PE=2 SV=1,0,0,
A0A1S7IWL5,A0A1S7IWL5_ACRTE,Fluorescent protein (Fragment) OS=Acropora tenuis OX=70783 GN=MWE PE=2 SV=1,0,0,
A0A1S7IWL7,A0A1S7IWL7_ACRTE,Fluorescent protein (Fragment) OS=Acropora tenuis OX=70783 GN=MWE PE=2 SV=1,0,0,
A0A1S7IWL8,A0A1S7IWL8_ACRTE,Fluorescent protein (Fragment) OS=Acropora tenuis OX=70783 GN=MWE PE=2 SV=1,0,0,
A0A1S7IWM0,A0A1S7IWM0_ACRTE,Fluorescent protein (Fragment) OS=Acropora tenuis OX=70783 GN=MWE PE=2 SV=1,0,0,
A0A1S7IWM1,A0A1S7IWM1_ACRTE,Fluorescent protein (Fragment) OS=Acropora tenuis OX=70783 GN=MWE PE=2 SV=1,0,0,
A0A1S7IWM2,A0A1S7IWM2_ACRTE,Fluorescent protein (Fragment) OS=Acropora tenuis OX=70783 GN=MWE PE=2 SV=1,0,0,
A0A1S7IWM3,A0A1S7IWM3_ACRTE,Fluorescent protein (Fragment) OS=Acropora tenuis OX=70783 GN=MWE PE=2 SV=1,0,0,
A0A1S7IWM4,A0A1S7IWM4_ACRTE,Fluorescent protein (Fragment) OS=Acropora tenuis OX=70783 GN=MWE PE=2 SV=1,0,0,
A0A1S7IWM5,A0A1S7IWM5_ACRTE,Fluorescent protein (Fragment) OS=Acropora tenuis OX=70783 GN=MWE PE=2 SV=1,0,0,
A0A1S7IWM6,A0A1S7IWM6_ACRTE,Fluorescent protein (Fragment) OS=Acropora tenuis OX=70783 GN=MWE PE=2 SV=1,0,0,
A0A1S7IWM8,A0A1S7IWM8_ACRTE,Fluorescent protein (Fragment) OS=Acropora tenuis OX=70783 GN=CP PE=2 SV=1,0,0,
A0A1S7IWN3,A0A1S7IWN3_ACRTE,Fluorescent protein (Fragment) OS=Acropora tenuis OX=70783 GN=MWE PE=2 SV=1,0,0,
A0A1S7IWN9,A0A1S7IWN9_ACRTE,Fluorescent protein (Fragment) OS=Acropora tenuis OX=70783 GN=CP PE=2 SV=1,0,0,
A0A1S7IWP0,A0A1S7IWP0_ACRTE,Fluorescent protein (Fragment) OS=Acropora tenuis OX=70783 GN=CP PE=2 SV=1,0,0,
A0A1S7IWP4,A0A1S7IWP4_ACRTE,Fluorescent protein (Fragment) OS=Acropora tenuis OX=70783 GN=CP PE=2 SV=1,0,0,
A0A1S7IWU8,A0A1S7IWU8_ACRDI,Fluorescent protein OS=Acropora digitifera OX=70779 GN=MWE PE=2 SV=1,0,0,
A0A1S7IWU9,A0A1S7IWU9_ACRDI,Fluorescent protein OS=Acropora digitifera OX=70779 GN=CP PE=2 SV=1,0,0,
A0A1S7IWV2,A0A1S7IWV2_ACRTE,Fluorescent protein (Fragment) OS=Acropora tenuis OX=70783 GN=MWE PE=2 SV=1,0,0,
A0A1S7IWW0,A0A1S7IWW0_ACRTE,Fluorescent protein (Fragment) OS=Acropora tenuis OX=70783 GN=MWE PE=2 SV=1,0,0,
A0A1S7IWX3,A0A1S7IWX3_ACRDI,Fluorescent protein OS=Acropora digitifera OX=70779 PE=2 SV=1,0,0,
A0A1S7IWX6,A0A1S7IWX6_ACRDI,Fluorescent protein OS=Acropora digitifera OX=70779 PE=2 SV=1,0,0,
A0A1S7IWY1,A0A1S7IWY1_ACRDI,Fluorescent protein OS=Acropora digitifera OX=70779 PE=2 SV=1,0,0,
A0A2H4WV17,A0A2H4WV17_9CNID,Green fluorescent protein OS=Micromussa lordhowensis OX=1216036 GN=GFP PE=2 SV=1,0,0,
A0A2H4WV18,A0A2H4WV18_9CNID,Cyan fluorescent protein OS=Micromussa lordhowensis OX=1216036 GN=CFP PE=2 SV=1,0,0,
A0A2Z5X7U3,A0A2Z5X7U3_9CNID,Green fluorescent protein OS=Olindias formosus OX=1495449 GN=dfGFP PE=1 SV=1,4,4,"6J1A,6J1B,6J1C,6JXF"
A0A2Z5XV34,A0A2Z5XV34_9CNID,Fluorescent protein ScSuFP OS=Scolionema suvaense OX=340365 GN=ScSuFP PE=2 SV=1,0,0,
A0A348ASU4,A0A348ASU4_ACRDI,Fluorescent protein OS=Acropora digitifera OX=70779 GN=S PE=2 SV=1,0,0,
A0A348ASU5,A0A348ASU5_ACRDI,Fluorescent protein OS=Acropora digitifera OX=70779 GN=S PE=2 SV=1,0,0,
A0A348ASU6,A0A348ASU6_ACRDI,Fluorescent protein OS=Acropora digitifera OX=70779 GN=M PE=2 SV=1,0,0,
A0A348ASU7,A0A348ASU7_ACRDI,Fluorescent protein OS=Acropora digitifera OX=70779 GN=M PE=2 SV=1,0,0,
A0A348ASU8,A0A348ASU8_ACRDI,Fluorescent protein OS=Acropora digitifera OX=70779 GN=M PE=2 SV=1,0,0,
A0A348ASU9,A0A348ASU9_ACRDI,Fluorescent protein OS=Acropora digitifera OX=70779 GN=CP PE=2 SV=1,0,0,
A0A348ASV0,A0A348ASV0_ACRDI,Fluorescent protein OS=Acropora digitifera OX=70779 GN=CP PE=2 SV=1,0,0,
A0A3M6TFM3,A0A3M6TFM3_POCDA,Uncharacterized protein OS=Pocillopora damicornis OX=46731 GN=pdam_00016645 PE=3 SV=1,0,0,
A0A3M6TPN5,A0A3M6TPN5_POCDA,Green fluorescent protein OS=Pocillopora damicornis OX=46731 GN=pdam_00020479 PE=3 SV=1,0,0,
A0A3M6URZ5,A0A3M6URZ5_POCDA,Green fluorescent protein (Fragment) OS=Pocillopora damicornis OX=46731 GN=pdam_00008805 PE=3 SV=1,0,0,
A0A3M6V2F5,A0A3M6V2F5_POCDA,Uncharacterized protein OS=Pocillopora damicornis OX=46731 GN=pdam_00015338 PE=3 SV=1,0,0,
A0A509GM03,A0A509GM03_FIMAN,Green fluorescent protein OS=Fimbriaphyllia ancora OX=46750 GN=GFP PE=2 SV=1,0,0,
A0A5A4MI65,A0A5A4MI65_9CNID,Fluorescent protein 9 OS=Olindias formosus OX=1495449 PE=2 SV=1,0,0,
A0A5A4MIV0,A0A5A4MIV0_9CNID,Fluorescent protein 1 OS=Olindias formosus OX=1495449 PE=2 SV=1,0,0,
A0A5A4MJH3,A0A5A4MJH3_9CNID,Fluorescent protein 4 OS=Olindias formosus OX=1495449 PE=2 SV=1,0,0,
A0A5A4MJQ7,A0A5A4MJQ7_9CNID,Fluorescent protein 3 OS=Olindias formosus OX=1495449 PE=2 SV=1,0,0,
A0A5A4MJX1,A0A5A4MJX1_9CNID,Fluorescent protein 8 OS=Olindias formosus OX=1495449 PE=2 SV=1,0,0,
A0A5A4MKN5,A0A5A4MKN5_9CNID,Fluorescent protein 6 OS=Olindias formosus OX=1495449 PE=2 SV=1,0,0,
A0A5A4MMK3,A0A5A4MMK3_9CNID,Fluorescent protein 2 OS=Olindias formosus OX=1495449 PE=2 SV=1,0,0,
A0A5A4MP41,A0A5A4MP41_9CNID,Fluorescent protein 7 OS=Olindias formosus OX=1495449 PE=2 SV=1,0,0,
A0A5J6CYI5,A0A5J6CYI5_9CNID,Green fluorescent protein FP1 OS=Aequorea australis OX=1246302 PE=1 SV=1,1,1,6S67
A0A5J6CYI7,A0A5J6CYI7_9CNID,Non-fluorescent chromoprotein FP2 OS=Aequorea australis OX=1246302 PE=2 SV=1,0,0,
A0A5J6CYK8,A0A5J6CYK8_AEQVI,Non-fluorescent chromoprotein FP3 OS=Aequorea victoria OX=6100 PE=2 SV=1,0,0,
A0A5J6CYN9,A0A5J6CYN9_9CNID,Green fluorescent protein GFP OS=Aequorea australis OX=1246302 PE=2 SV=1,0,0,
A0A5J6CYR6,A0A5J6CYR6_AEQVI,Green fluorescent protein GFP OS=Aequorea victoria OX=6100 PE=2 SV=1,0,0,
A0A5J6CYR9,A0A5J6CYR9_AEQVI,Green fluorescent protein FP1 OS=Aequorea victoria OX=6100 PE=2 SV=1,0,0,
A0A5J6CYT5,A0A5J6CYT5_9CNID,Non-fluorescent chromoprotein FP3 OS=Aequorea australis OX=1246302 PE=2 SV=1,0,0,
A0A5J6CYV4,A0A5J6CYV4_AEQVI,Non-fluorescent chromoprotein FP2 OS=Aequorea victoria OX=6100 PE=2 SV=1,0,0,
A0A5J6CYV7,A0A5J6CYV7_9CNID,Non-fluorescent photochromic chromoprotein FP4 OS=Aequorea australis OX=1246302 PE=2 SV=1,0,0,
A0A6G7QPQ8,A0A6G7QPQ8_9CNID,Fluorescent Protein OS=Montipora monasteriata OX=1150133 GN=AzaleaB5 PE=3 SV=1,0,0,
A0A6P8H3W9,A0A6P8H3W9_ACTTE,GFP-like non-fluorescent chromoprotein FP595 OS=Actinia tenebrosa OX=6105 GN=LOC116287602 PE=3 SV=1,0,0,
A0A6P8HCD3,A0A6P8HCD3_ACTTE,GFP-like non-fluorescent chromoprotein FP595 OS=Actinia tenebrosa OX=6105 GN=LOC116287635 PE=3 SV=1,0,0,
A0A6P8I2G6,A0A6P8I2G6_ACTTE,GFP-like non-fluorescent chromoprotein FP595 OS=Actinia tenebrosa OX=6105 GN=LOC116295392 PE=3 SV=1,0,0,
A0A6P8ILA5,A0A6P8ILA5_ACTTE,GFP-like non-fluorescent chromoprotein FP595 OS=Actinia tenebrosa OX=6105 GN=LOC116302120 PE=3 SV=1,0,0,
A0A7G7LHL8,A0A7G7LHL8_9CNID,Red fluorescent protein OS=Montipora digitata OX=46705 GN=RFP PE=2 SV=1,0,0,
A0A7M5TYI8,A0A7M5TYI8_9CNID,Green fluorescent protein OS=Clytia hemisphaerica OX=252671 PE=3 SV=1,0,0,
A0A7M5V407,A0A7M5V407_9CNID,Green fluorescent protein OS=Clytia hemisphaerica OX=252671 PE=3 SV=1,0,0,
A0A7M5WWD0,A0A7M5WWD0_9CNID,Green fluorescent protein OS=Clytia hemisphaerica OX=252671 PE=3 SV=1,0,0,
A0A7U3V419,A0A7U3V419_ACRTE,Red fluorescent protein OS=Acropora tenuis OX=70783 PE=2 SV=1,0,0,
A0A7U3V476,A0A7U3V476_ACRTE,Red fluorescent protein OS=Acropora tenuis OX=70783 PE=2 SV=1,0,0,
A0A7U3V4E0,A0A7U3V4E0_ACRTE,Green fluorescent protein OS=Acropora tenuis OX=70783 PE=2 SV=1,0,0,
A0A7U3V4M0,A0A7U3V4M0_ACRTE,Red fluorescent protein OS=Acropora tenuis OX=70783 PE=2 SV=1,0,0,
A0A7U3VUS1,A0A7U3VUS1_ACRTE,Green fluorescent protein OS=Acropora tenuis OX=70783 PE=2 SV=1,0,0,
A0A8S0GSD4,A0A8S0GSD4_9CNID,Fluorescent protein OS=Cytaeis uchidae OX=1254443 GN=CU17S PE=1 SV=1,17,17,"7Y40,7YAO,7YRE,8BXT,8GYF,8J2H,8J2I,8J2J,8J2K,8J2L,8J3J,8Q79,8QBJ,8QDD,8XLD,8YQ4,9G7Q"
A0A9Y2YAB8,A0A9Y2YAB8_9CNID,Red fluorescent protein OS=Diadumene lineata OX=1789172 PE=1 SV=1,1,1,7X2B
A0AAD9PQA2,A0AAD9PQA2_ACRCE,GFP-like fluorescent chromoprotein FP506 OS=Acropora cervicornis OX=6130 GN=P5673_033218 PE=3 SV=1,0,0,
A0AAD9PTB0,A0AAD9PTB0_ACRCE,GFP-like non-fluorescent chromoprotein OS=Acropora cervicornis OX=6130 GN=P5673_031057 PE=3 SV=1,0,0,
A0AAD9QKV8,A0AAD9QKV8_ACRCE,GFP-like fluorescent chromoprotein amFP486 OS=Acropora cervicornis OX=6130 GN=P5673_013397 PE=3 SV=1,0,0,
A0AAD9URD1,A0AAD9URD1_ACRCE,GFP-like fluorescent chromoprotein FP506 OS=Acropora cervicornis OX=6130 GN=P5673_033221 PE=3 SV=1,0,0,
A0AAD9V6K5,A0AAD9V6K5_ACRCE,GFP-like fluorescent chromoprotein amFP486 (Fragment) OS=Acropora cervicornis OX=6130 GN=P5673_013530 PE=3 SV=1,0,0,
A0AAD9V6T5,A0AAD9V6T5_ACRCE,GFP-like fluorescent chromoprotein amFP486 OS=Acropora cervicornis OX=6130 GN=P5673_013529 PE=3 SV=1,0,0,
A0AAU9WAN5,A0AAU9WAN5_9CNID,Fluorescent protein (Fragment) OS=Pocillopora meandrina OX=46732 GN=PMEA_00034958 PE=3 SV=1,0,0,
A0AAU9WCI9,A0AAU9WCI9_9CNID,Fluorescent protein (Fragment) OS=Pocillopora meandrina OX=46732 GN=PMEA_00034934 PE=3 SV=1,0,0,
A0AAU9XT10,A0AAU9XT10_9CNID,Green fluorescent protein OS=Pocillopora meandrina OX=46732 GN=PMEA_00030265 PE=3 SV=1,0,0,
A0AAU9XT34,A0AAU9XT34_9CNID,Green fluorescent protein OS=Pocillopora meandrina OX=46732 GN=PMEA_00030230 PE=3 SV=1,0,0,
A0AAU9XTE4,A0AAU9XTE4_9CNID,Green fluorescent protein OS=Pocillopora meandrina OX=46732 GN=PMEA_00030275 PE=3 SV=1,0,0,
A0AAU9XU65,A0AAU9XU65_9CNID,Green fluorescent protein OS=Pocillopora meandrina OX=46732 GN=PMEA_00030247 PE=3 SV=1,0,0,
A0AAU9XUB5,A0AAU9XUB5_9CNID,Green fluorescent protein OS=Pocillopora meandrina OX=46732 GN=PMEA_00030273 PE=3 SV=1,0,0,
A0AAU9XUE6,A0AAU9XUE6_9CNID,Green fluorescent protein OS=Pocillopora meandrina OX=46732 GN=PMEA_00030257 PE=3 SV=1,0,0,
A0AAU9XUP9,A0AAU9XUP9_9CNID,Green fluorescent protein OS=Pocillopora meandrina OX=46732 GN=PMEA_00030231 PE=3 SV=1,0,0,
A0AAU9XVS2,A0AAU9XVS2_9CNID,Green fluorescent protein OS=Pocillopora meandrina OX=46732 GN=PMEA_00030269 PE=3 SV=1,0,0,
A0AAU9XWP8,A0AAU9XWP8_9CNID,Green fluorescent protein OS=Pocillopora meandrina OX=46732 GN=PMEA_00030274 PE=3 SV=1,0,0,
A0AQQ7,A0AQQ7_EPIJA,Chromo protein OS=Epiactis japonica OX=58804 GN=blue PE=1 SV=1,1,1,2IB5
A3F208,A3F208_9CNID,Green-to-red photoconvertible GFP-like protein OS=Catalaphyllia jardinei OX=46748 PE=2 SV=1,0,0,
A5YTR6,A5YTR6_9CNID,Green fluorescent protein FP499 OS=Anemonia rustica OX=444856 PE=2 SV=1,0,0,
A5YTR7,A5YTR7_9CNID,GFP-like chromoprotein OS=Anemonia rustica OX=444856 PE=2 SV=1,0,0,
A5YTR8,A5YTR8_ANESU,GFP-like chromoprotein OS=Anemonia sulcata OX=6108 PE=2 SV=1,0,0,
A7S1H5,A7S1H5_NEMVE,Uncharacterized protein OS=Nematostella vectensis OX=45351 GN=NEMVEDRAFT_v1g205348 PE=3 SV=1,0,0,
A7UAL1,A7UAL1_9CNID,Cyan fluorescent protein OS=Montastraea cavernosa OX=63558 PE=2 SV=1,0,0,
A7UAL2,A7UAL2_9CNID,Green fluorescent protein OS=Montastraea cavernosa OX=63558 PE=2 SV=1,0,0,
A7UAL3,A7UAL3_9CNID,Green fluorescent protein OS=Montastraea cavernosa OX=63558 PE=2 SV=1,0,0,
A7UAL4,A7UAL4_9CNID,Photoconvertible fluorescent protein OS=Montastraea cavernosa OX=63558 PE=2 SV=1,0,0,
A7UAL5,A7UAL5_9CNID,Green fluorescent protein OS=Montastraea cavernosa OX=63558 PE=2 SV=1,0,0,
A7UAL6,A7UAL6_9CNID,Green fluorescent protein OS=Montastraea cavernosa OX=63558 PE=2 SV=1,0,0,
A7UAL7,A7UAL7_9CNID,Green fluorescent protein OS=Montastraea cavernosa OX=63558 PE=2 SV=1,0,0,
A7UAL8,A7UAL8_9CNID,Green fluorescent protein OS=Montastraea cavernosa OX=63558 PE=2 SV=1,0,0,
A7UAL9,A7UAL9_9CNID,Green fluorescent protein OS=Montastraea cavernosa OX=63558 PE=2 SV=1,0,0,
A7UAM0,A7UAM0_9CNID,Green fluorescent protein OS=Montastraea cavernosa OX=63558 PE=2 SV=1,0,0,
A8CLL3,A8CLL3_9CNID,GFP-like chromoprotein OS=Goniopora djiboutiensis OX=351727 PE=2 SV=1,0,0,
A8CLM1,A8CLM1_MONEF,GFP-like chromoprotein OS=Montipora efflorescens OX=105610 PE=2 SV=1,0,0,
A8CLM7,A8CLM7_9CNID,GFP-like chromoprotein OS=Stylocoeniella sp. NOA-2005 OX=351728 PE=2 SV=1,0,0,
A8CLN4,A8CLN4_MONEF,Red fluorescent GFP-like protein OS=Montipora efflorescens OX=105610 PE=2 SV=1,0,0,
A8CLP2,A8CLP2_MONEF,Cyan fluorescent GFP-like protein OS=Montipora efflorescens OX=105610 PE=2 SV=1,0,0,
A8CLP7,A8CLP7_9CNID,Cyan fluorescent GFP-like protein OS=Mycedium elephantotus OX=51060 PE=2 SV=1,0,0,
A8CLQ1,A8CLQ1_9CNID,Green fluorescent GFP-like protein OS=Oxypora echinata OX=351729 PE=2 SV=1,0,0,
A8CLQ6,A8CLQ6_DANHO,Red fluorescent GFP-like protein OS=Danafungia horrida OX=486202 PE=2 SV=1,0,0,
A8CLR1,A8CLR1_9CNID,Green fluorescent GFP-like protein OS=Eusmilia fastigiata OX=214972 PE=2 SV=1,0,0,
A8CLR7,A8CLR7_9CNID,Red fluorescent GFP-like protein OS=Mycedium elephantotus OX=51060 PE=2 SV=1,0,0,
A8CLS2,A8CLS2_9CNID,Red fluorescent GFP-like protein OS=Oxypora echinata OX=351729 PE=2 SV=1,0,0,
A8CLS7,A8CLS7_LOBSC,Green fluorescent GFP-like protein OS=Lobactis scutaria OX=46714 PE=2 SV=1,0,0,
A8CLT2,A8CLT2_GALFS,Green fluorescent GFP-like protein OS=Galaxea fascicularis OX=46745 PE=2 SV=1,0,0,
A8CLT7,A8CLT7_9CNID,Green fluorescent GFP-like protein OS=Stylocoeniella sp. NOA-2005 OX=351728 PE=2 SV=1,0,0,
A8CLU1,A8CLU1_PORPI,Green fluorescent GFP-like protein OS=Porites porites OX=104760 PE=2 SV=1,0,0,
A8CLU7,A8CLU7_9CNID,Cyan fluorescent GFP-like protein OS=Montipora millepora OX=351731 PE=2 SV=1,0,0,
A8CLV1,A8CLV1_MONEF,Green fluorescent GFP-like protein OS=Montipora efflorescens OX=105610 PE=2 SV=1,0,0,
A8CLV6,A8CLV6_GALFS,GFP-like chromoprotein OS=Galaxea fascicularis OX=46745 PE=1 SV=1,1,1,7SWR
A8CLW1,A8CLW1_9CNID,Green fluorescent GFP-like protein OS=Oxypora echinata OX=351729 PE=2 SV=1,0,0,
A8CLW9,A8CLW9_9CNID,Cyan fluorescent GFP-like protein OS=Eusmilia fastigiata OX=214972 PE=2 SV=1,0,0,
A8CLX6,A8CLX6_STYPI,GFP-like chromoprotein OS=Stylophora pistillata OX=50429 PE=1 SV=1,1,1,7SWU
A8CLX9,A8CLX9_DANHO,Green fluorescent GFP-like protein OS=Danafungia horrida OX=486202 PE=2 SV=1,0,0,
A8CLY3,A8CLY3_ACRMI,Green fluorescent GFP-like protein OS=Acropora millepora OX=45264 PE=2 SV=1,0,0,
B2ZAG1,B2ZAG1_9CNID,Green fluorescent protein OS=Zoanthus sp. EB-2008 OX=523744 PE=2 SV=1,0,0,
B2ZAG2,B2ZAG2_9CNID,Red fluorescent protein OS=Zoanthus sp. EB-2008 OX=523744 PE=2 SV=1,0,0,
B5BRC3,B5BRC3_9CNID,Spring green fluorescence emitting protein OS=Sarcophyton sp. sesoko01 OX=505392 GN=UKG PE=1 SV=1,1,1,4JC2
B5LIN0,B5LIN0_ACRMI,Green fluorescent-like protein (Fragment) OS=Acropora millepora OX=45264 PE=3 SV=1,0,0,
B5T1L0,B5T1L0_9CNID,Cyan fluorescent protein FP483 OS=Acropora pulchra OX=140239 PE=2 SV=1,0,0,
B5T1L1,B5T1L1_9CNID,Chromoprotein CP584 OS=Acropora pulchra OX=140239 PE=2 SV=1,0,0,
B5T1L2,B5T1L2_ACRMI,Cyan fluorescent protein FP484 OS=Acropora millepora OX=45264 PE=2 SV=1,0,0,
B5T1L3,B5T1L3_ACRMI,Green fluorescent protein FP497 OS=Acropora millepora OX=45264 PE=2 SV=1,0,0,
B5T1L4,B5T1L4_ACRMI,Green fluorescent protein FP512 OS=Acropora millepora OX=45264 PE=2 SV=1,0,0,
B5T1L5,B5T1L5_ACRMI,Red fluorescent protein FP597 OS=Acropora millepora OX=45264 PE=2 SV=1,0,0,
B6CTZ2,B6CTZ2_9CNID,Cyan fluorescent GFP-like protein (Fragment) OS=Psammocora sp. NA-2008 OX=526285 PE=2 SV=1,0,0,
B6CTZ3,B6CTZ3_9CNID,Green fluorescent GFP-like protein (Fragment) OS=Acropora eurystoma OX=526283 PE=2 SV=1,0,0,
B6CTZ4,B6CTZ4_9CNID,Green fluorescent GFP-like protein OS=Favites abdita OX=126655 PE=2 SV=1,0,0,
B6CTZ6,B6CTZ6_9CNID,Green fluorescent GFP-like protein OS=Sarcophyton sp. NA-2008 OX=526304 PE=2 SV=1,0,0,
B6CTZ7,B6CTZ7_9CNID,Chromo-red fluorescent GFP-like protein OS=Echinopora forskaliana OX=526284 PE=1 SV=1,1,1,7SWT
B9UPG6,B9UPG6_9CNID,Green fluorescent protein OS=Ceriantharia sp. JW-2008 OX=555057 GN=FP505 PE=2 SV=1,0,0,
D0VX33,D0VX33_ENTQU,Fluorescent protein FP480 OS=Entacmaea quadricolor OX=6118 PE=1 SV=1,10,10,"3H1O,3H1R,3RWA,3RWT,4KPI,4NWS,4OJ0,4OQW,7BHG,8SXC"
D1J6P8,D1J6P8_9CNID,Green-emitting fluorescent protein OS=Cyphastrea microphthalma OX=570133 PE=1 SV=1,0,0,
D1KWT0,D1KWT0_9CNID,Fluorescent protein OS=Scleractinia sp. Lizard Island 28 OX=666643 PE=2 SV=1,0,0,
D1KWT1,D1KWT1_9CNID,Fluorescent protein OS=Scleractinia sp. Lizard Island 30 OX=666644 PE=2 SV=1,0,0,
D1KWT2,D1KWT2_LOBHE,Fluorescent protein OS=Lobophyllia hemprichii OX=46758 PE=2 SV=1,0,0,
D1KWT4,D1KWT4_9CNID,Fluorescent protein OS=Scleractinia sp. Lizard Island 37 OX=666646 PE=2 SV=1,0,0,
D1KWT5,D1KWT5_LOBHE,Fluorescent protein OS=Lobophyllia hemprichii OX=46758 PE=2 SV=1,0,0,
D1KWT6,D1KWT6_9CNID,Fluorescent protein OS=Scleractinia sp. Lizard Island 50 OX=666647 PE=2 SV=1,0,0,
D3TI87,D3TI87_9CNID,GFP509 (Fragment) OS=Aldersladia magnificus OX=518748 PE=2 SV=1,0,0,
D7PM04,D7PM04_CLYGR,Green-fluorescent protein 1 OS=Clytia gregaria OX=27801 GN=GFP1 PE=2 SV=1,0,0,
D7PM06,D7PM06_CLYGR,Green-fluorescent protein 3 OS=Clytia gregaria OX=27801 GN=GFP3 PE=2 SV=1,0,0,
D7PM10,D7PM10_CLYGR,Green-fluorescent protein 20 OS=Clytia gregaria OX=27801 GN=GFP20 PE=2 SV=1,0,0,
D7PM12,D7PM12_CLYGR,Green-fluorescent protein 44 OS=Clytia gregaria OX=27801 GN=GFP44 PE=2 SV=1,0,0,
G1JSF2,G1JSF2_9CNID,GFP-like fluorescent protein cyan isoform (Fragment) OS=Obelia sp. MH-2011 OX=1071601 PE=2 SV=1,0,0,
G1JSF3,G1JSF3_9CNID,GFP-like fluorescent protein green isoform (Fragment) OS=Obelia sp. MH-2011 OX=1071601 PE=2 SV=1,0,0,
G1JSF4,G1JSF4_9CNID,GFP-like fluorescent protein yellow isoform (Fragment) OS=Obelia sp. MH-2011 OX=1071601 PE=2 SV=1,0,0,
G8HT93,G8HT93_ACRMI,Fluorescent protein OS=Acropora millepora OX=45264 PE=2 SV=1,0,0,
H3JQU4,H3JQU4_ENTQU,eqFP578 fluorescent protein OS=Entacmaea quadricolor OX=6118 PE=1 SV=1,1,1,3PIB
H3JQU5,H3JQU5_ENTQU,Red fluorescent protein eqFP578 OS=Entacmaea quadricolor OX=6118 PE=1 SV=1,1,1,3PJ5
H3JQU6,H3JQU6_ENTQU,Red fluorescent protein eqFP578 OS=Entacmaea quadricolor OX=6118 PE=1 SV=1,1,1,3PJ7
H3JQU7,H3JQU7_ENTQU,Red fluorescent protein eqFP578 OS=Entacmaea quadricolor OX=6118 PE=1 SV=1,1,1,3PJB
I0IUJ0,I0IUJ0_ACRTE,Red fluorescent protein OS=Acropora tenuis OX=70783 PE=2 SV=1,0,0,
I0IUJ1,I0IUJ1_ACRTE,Green fluorescent protein OS=Acropora tenuis OX=70783 PE=2 SV=1,0,0,
I0IY48,I0IY48_ACRDI,Fluorescent protein 8 OS=Acropora digitifera OX=70779 GN=AdiFP8 PE=2 SV=1,0,0,
I1DSK1,I1DSK1_ACRDI,Fluorescent protein 1 OS=Acropora digitifera OX=70779 GN=AdiFP1 PE=3 SV=1,0,0,
I1DSK2,I1DSK2_ACRDI,Fluorescent protein 2 OS=Acropora digitifera OX=70779 GN=AdiFP2 PE=3 SV=1,0,0,
I1DSK3,I1DSK3_ACRDI,Fluorescent protein 3 OS=Acropora digitifera OX=70779 GN=AdiFP3 PE=3 SV=1,0,0,
I1DSK4,I1DSK4_ACRDI,Fluorescent protein 4 OS=Acropora digitifera OX=70779 GN=AdiFP4 PE=3 SV=1,0,0,
I1DSK9,I1DSK9_ACRDI,Fluorescent protein 10 OS=Acropora digitifera OX=70779 GN=AdiFP10 PE=3 SV=1,0,0,
J9PBR7,J9PBR7_ENTQU,Far-red fluorescent protein eqFP650 OS=Entacmaea quadricolor OX=6118 PE=1 SV=1,1,1,4EDO
J9PBR8,J9PBR8_ENTQU,Far-red fluorescent protein eqFP650 OS=Entacmaea quadricolor OX=6118 PE=1 SV=1,1,1,4EDS
J9PGG2,J9PGG2_9CNID,Green fluorescent protein OS=Clytia hemisphaerica OX=252671 GN=GFP2 PE=2 SV=1,0,0,
J9PIH6,J9PIH6_9CNID,Green fluorescent protein OS=Clytia hemisphaerica OX=252671 GN=GFP3 PE=2 SV=1,0,0,
J9PJD5,J9PJD5_9CNID,Green fluorescent protein OS=Clytia hemisphaerica OX=252671 GN=GFP4 PE=2 SV=1,0,0,
M4QSB1,M4QSB1_ACRMI,Chromoprotein 604 OS=Acropora millepora OX=45264 PE=2 SV=1,0,0,
M4QUP7,M4QUP7_ACRMI,Chromoprotein 586 OS=Acropora millepora OX=45264 PE=2 SV=1,0,0,
M4R4D0,M4R4D0_ACRMI,Chromoprotein 580 OS=Acropora millepora OX=45264 PE=2 SV=1,0,0,
Q09HR5,Q09HR5_CORYC,Green fluorescent protein OS=Corynactis californica OX=44298 PE=2 SV=1,0,0,
Q17105,Q17105_AEQVI,Green fluorescent protein (Fragment) OS=Aequorea victoria OX=6100 GN=GFP PE=2 SV=1,0,0,
Q17106,Q17106_AEQVI,Green fluorescent protein (Fragment) OS=Aequorea victoria OX=6100 GN=GFP PE=2 SV=1,0,0,
Q1ALD3,Q1ALD3_CORYC,GFP-type orange fluorescent protein OS=Corynactis californica OX=44298 PE=2 SV=1,0,0,
Q1ALD4,Q1ALD4_CORYC,GFP-type green fluorescent protein OS=Corynactis californica OX=44298 PE=1 SV=1,5,5,"8U20,8U21,8U22,8U23,8U24"
Q1ALD5,Q1ALD5_CORYC,GFP-type red fluorescent protein OS=Corynactis californica OX=44298 PE=2 SV=1,0,0,
Q2LI65,Q2LI65_ORBFA,Green fluorescent protein OS=Orbicella faveolata OX=48498 PE=3 SV=1,0,0,
Q2LI66,Q2LI66_9CNID,Red fluorescent protein OS=Discosoma sp. RC-2004 OX=289055 PE=3 SV=1,0,0,
Q2VFP3,Q2VFP3_ACTEQ,Blue chromoprotein aeCP597 OS=Actinia equina OX=6106 PE=1 SV=1,1,1,4OHS
Q2VTM8,Q2VTM8_CORYC,GFP-like yellow fluorescent protein OS=Corynactis californica OX=44298 PE=2 SV=1,0,0,
Q2VTM9,Q2VTM9_CORYC,GFP-like red fluorescent protein OS=Corynactis californica OX=44298 PE=2 SV=1,0,0,
Q53UG7,Q53UG7_DIPFA,Fluorescent protein OS=Dipsastraea favus OX=1869259 GN=KikG PE=1 SV=1,1,1,1XSS
Q53UG8,Q53UG8_DIPFA,Photoconvertible fluorescent protein OS=Dipsastraea favus OX=1869259 GN=KikGR PE=1 SV=1,4,4,"2DDC,2DDD,4P76,9GA0"
Q5QIU5,Q5QIU5_HETMG,Nonfluorescent chromoprotein OS=Heteractis magnifica OX=38281 GN=cp PE=2 SV=1,0,0,
Q5S3G7,Q5S3G7_9CNID,Fluorescent protein plum OS=Discosoma sp. LW-2004 OX=301246 PE=1 SV=1,9,8,"2QLG,2QLH,2QLI,3NF0,4H3L,4H3M,4H3N,9FER"
Q5S3G8,Q5S3G8_9CNID,Fluorescent protein raspberry OS=Discosoma sp. LW-2004 OX=301246 PE=1 SV=1,2,2,"2H5P,2H5Q"
Q5S6Z9,Q5S6Z9_LOBHE,Green to red photoconvertible GFP-like protein EosFP OS=Lobophyllia hemprichii OX=46758 PE=1 SV=1,49,48,"1ZUX,2BTJ,2VVH,2VVI,2VVJ,3P8U,3S05,3TMR,3TMT,4LJB,4LJC,4LJD,4OY4,4R6B,5DTL,5FVF,5FVG,5FVI,5OOZ,5OQ9,5OQA,5OQE,6GOY,6GOZ,6GP0,6GP1,6YLS,7QLI,7QLJ,7QLK,7QLL,7QLM,7QLN,7QLO,7TSR,7TSS,7TSU,7TSV,8UL0,8UL1,8UL2,8UL3,8UL4,8UL5,9GVR,9J0Q,9J0R,9J11"
Q5ZQQ5,Q5ZQQ5_CERMM,Green fluorescent protein FP512 OS=Cerianthus membranaceus OX=208460 PE=1 SV=1,1,1,2C9J
Q5ZQQ6,Q5ZQQ6_ENTQU,Cyan fluorescent protein FP486 OS=Entacmaea quadricolor OX=6118 PE=2 SV=1,0,0,
Q60I25,Q60I25_GALFS,Azami-Green OS=Galaxea fascicularis OX=46745 PE=1 SV=1,2,2,"6CIU,8I4J"
Q66ND1,Q66ND1_POCDA,Cyan fluorescent protein C1 OS=Pocillopora damicornis OX=46731 PE=2 SV=2,0,0,
Q66ND3,Q66ND3_9CNID,Green fluorescent protein G2 OS=Montastraea cavernosa OX=63558 PE=2 SV=1,0,0,
Q66ND6,Q66ND6_DISST,Cyan fluorescent protein C1 OS=Discosoma striata OX=105400 PE=2 SV=1,0,0,
Q66ND8,Q66ND8_9CNID,Red fluorescent protein R1 OS=Discosoma sp. RC-2004 OX=289055 PE=2 SV=1,0,0,
Q66PU5,Q66PU5_AGAFR,Green fluorescent protein 2 OS=Agaricia fragilis OX=165097 PE=2 SV=1,0,0,
Q66PU8,Q66PU8_9CNID,Chromoprotein OS=Acropora aculeus OX=287157 PE=2 SV=1,0,0,
Q66PU9,Q66PU9_9CNID,Chromoprotein OS=Acropora hyacinthus OX=55974 PE=2 SV=1,0,0,
Q66PV0,Q66PV0_ACRMI,Chromoprotein OS=Acropora millepora OX=45264 PE=1 SV=1,1,1,7SWS
Q66PV1,Q66PV1_ACRTE,Chromoprotein OS=Acropora tenuis OX=70783 PE=2 SV=1,0,0,
Q66PV2,Q66PV2_ACRMI,Red fluorescent protein OS=Acropora millepora OX=45264 PE=2 SV=1,0,0,
Q66PV3,Q66PV3_ACRRB,Cyan fluorescent protein 2 OS=Acropora robusta OX=676058 PE=2 SV=1,0,0,
Q66PV4,Q66PV4_ACRRB,Cyan fluorescent protein OS=Acropora robusta OX=676058 PE=2 SV=1,0,0,
Q66PV5,Q66PV5_ACRMI,Cyan fluorescent protein OS=Acropora millepora OX=45264 PE=2 SV=1,0,0,
Q66PV6,Q66PV6_9CNID,Cyan fluorescent protein OS=Acropora aculeus OX=287157 PE=2 SV=1,0,0,
Q66PV7,Q66PV7_ACRRB,Green fluorescent protein OS=Acropora robusta OX=676058 PE=2 SV=1,0,0,
Q66PV8,Q66PV8_ACRMI,Green fluorescent protein OS=Acropora millepora OX=45264 PE=2 SV=1,0,0,
Q66PV9,Q66PV9_9CNID,Green fluorescent protein OS=Acropora aculeus OX=287157 PE=2 SV=1,0,0,
Q66PW0,Q66PW0_RICFL,Green fluorescent protein 2 OS=Ricordea florida OX=165100 PE=2 SV=1,0,0,
Q66PW1,Q66PW1_9CNID,Red fluorescent protein OS=Scolymia cubensis OX=165099 PE=2 SV=1,0,0,
Q692V6,Q692V6_ACRMI,Colorless GFP-like protein OS=Acropora millepora OX=45264 GN=A1a PE=2 SV=1,0,0,
Q6I7B1,Q6I7B1_9CNID,Fluorescent protein OS=Acropora sp. #30 OX=258444 GN=MiCy PE=2 SV=1,0,0,
Q6I7B3,Q6I7B3_LITCO,Fluorescent protein OS=Lithophyllon concinna OX=1911064 GN=KO PE=2 SV=1,0,0,
Q6I7B4,Q6I7B4_LITCO,Fluorescent protein OS=Lithophyllon concinna OX=1911064 PE=2 SV=1,0,0,
Q6KF85,Q6KF85_9CNID,Orange fluorescent protein FP586 OS=Discosoma sp. JW-2002 OX=208461 PE=2 SV=1,0,0,
Q6R8F3,Q6R8F3_ASTHA,Green fluorescent protein 3 OS=Astrangia haimei OX=2751893 GN=GFP3 PE=2 SV=1,0,0,
Q6R8F4,Q6R8F4_ASTHA,Green fluorescent protein 2 OS=Astrangia haimei OX=2751893 GN=GFP2 PE=2 SV=1,0,0,
Q6R8F5,Q6R8F5_ASTHA,Green fluorescent protein 1 OS=Astrangia haimei OX=2751893 GN=GFP1 PE=2 SV=1,0,0,
Q6RYS4,Q6RYS4_9CNID,Non-fluorescent GFP-like chromoprotein OS=Anthomedusae sp. SL-2003 OX=258841 PE=2 SV=1,0,0,
Q6RYS5,Q6RYS5_9CNID,Green fluorescent protein 2 OS=Anthomedusae sp. SL-2003 OX=258841 PE=2 SV=1,0,0,
Q6RYS7,Q6RYS7_9CNID,Yellow fluorescent protein OS=Phialidium sp. SL-2003 OX=258839 PE=1 SV=1,1,1,4HE4
Q6USK3,Q6USK3_9CNID,Fluorescent protein (Fragment) OS=Montastraea cavernosa OX=63558 PE=2 SV=1,0,0,
Q6YGZ0,Q6YGZ0_9CNID,Green fluorescent protein OS=Aequorea coerulescens OX=210840 PE=1 SV=1,3,3,"3LVA,3LVC,3LVD"
Q7Z0W4,Q7Z0W4_9CNID,Green fluorescent protein OS=Montastraea cavernosa OX=63558 PE=2 SV=1,0,0,
Q7Z0W5,Q7Z0W5_9CNID,Cyan fluorescent protein OS=Montastraea cavernosa OX=63558 PE=2 SV=1,0,0,
Q7Z0W9,Q7Z0W9_9CNID,Red fluorescent protein OS=Montastraea cavernosa OX=63558 PE=2 SV=1,0,0,
Q7Z168,Q7Z168_9CNID,Orange fluorescent protein OS=Cerianthus sp. DW-2003 OX=232429 PE=2 SV=1,0,0,
Q86LC2,Q86LC2_9CNID,Green fluorescent protein OS=Zoanthus sp. KL-2002 OX=200867 GN=GFP PE=2 SV=1,0,0,
Q86LV4,Q86LV4_HETMG,Green fluorescent protein OS=Heteractis magnifica OX=38281 GN=gfp PE=2 SV=1,0,0,
Q86LV8,Q86LV8_9CNID,Green fluorescent protein-like protein OS=Meandrina meandrites OX=51056 PE=2 SV=1,0,0,
Q8I6J8,Q8I6J8_TRAGO,Kaede OS=Trachyphyllia geoffroyi OX=196280 PE=1 SV=1,2,2,"2GW3,2GW4"
Q8MU45,Q8MU45_CONGI,Green fluorescent protein-like protein OS=Condylactis gigantea OX=47073 PE=2 SV=1,0,0,
Q8MU48,Q8MU48_ORBAN,Green fluorescent protein-like protein OS=Orbicella annularis OX=48500 PE=2 SV=1,0,0,
Q8T4U4,Q8T4U4_9CNID,Red fluorescent protein zoanRFP OS=Zoanthus sp. SAL-2001 OX=175272 PE=1 SV=1,1,1,2FL1
Q8T5E7,Q8T5E7_CONGI,CgigFP-g OS=Condylactis gigantea OX=47073 PE=2 SV=1,0,0,
Q8T5F0,Q8T5F0_9CNID,ScubFP_4.4 OS=Scolymia cubensis OX=165099 PE=2 SV=1,0,0,
Q8T5F1,Q8T5F1_9CNID,McavFP_7.5 OS=Montastraea cavernosa OX=63558 PE=2 SV=1,0,0,
Q8T5F3,Q8T5F3_9CNID,ScubFP_3.3 OS=Scolymia cubensis OX=165099 PE=2 SV=1,0,0,
Q8T6T9,Q8T6T9_RADCR,Green fluorescent protein OS=Radianthus crispa OX=3122430 PE=2 SV=2,0,0,
Q8T6U0,Q8T6U0_9CNID,Green fluorescent protein OS=Dendronephthya sp. SSAL-2002 OX=191210 PE=1 SV=3,4,4,"2VZX,5EXB,5EXC,7DIG"
Q8WP95,Q8WP95_9CNID,Green fluorescent protein OS=Aequorea macrodactyla OX=147615 GN=GFPxm PE=2 SV=1,0,0,
Q8WTC4,Q8WTC4_9CNID,Green fluorescent protein OS=Aequorea macrodactyla OX=147615 GN=GFP PE=3 SV=1,0,0,
Q8WTC5,Q8WTC5_9CNID,Orange fluorescent protein OS=Aequorea macrodactyla OX=147615 GN=GFP PE=3 SV=1,0,0,
Q8WTC6,Q8WTC6_9CNID,Green fluorescent protein OS=Aequorea macrodactyla OX=147615 GN=GFP PE=3 SV=1,0,0,
Q8WTC7,Q8WTC7_9CNID,Green fluorescent protein OS=Aequorea macrodactyla OX=147615 GN=GFP PE=1 SV=1,1,1,7LG4
Q8WTC8,Q8WTC8_9CNID,Green fluorescent protein OS=Aequorea macrodactyla OX=147615 GN=GFP PE=3 SV=1,0,0,
Q8WTC9,Q8WTC9_9CNID,Green fluorescent protein OS=Aequorea macrodactyla OX=147615 GN=GFP PE=3 SV=1,0,0,
Q8WTD0,Q8WTD0_9CNID,Green fluorescent protein OS=Aequorea macrodactyla OX=147615 GN=GFP PE=3 SV=1,0,0,
Q95UA7,Q95UA7_9CNID,Cyan fluorescent protein (Fragment) OS=Montastraea cavernosa OX=63558 PE=2 SV=1,0,0,
Q95VT0,Q95VT0_9CNID,Green fluorescent protein OS=Montastraea cavernosa OX=63558 PE=2 SV=1,0,0,
Q962P9,Q962P9_ORBFA,Green fluorescent protein OS=Orbicella faveolata OX=48498 PE=2 SV=1,0,0,
Q963F5,Q963F5_9CNID,Green fluorescent protein OS=Montastraea cavernosa OX=63558 PE=2 SV=1,0,0,
Q963I9,Q963I9_RENRE,Green fluorescent protein OS=Renilla reniformis OX=6136 GN=GFP PE=1 SV=1,1,1,2RH7
Q9BLY9,Q9BLY9_RENMU,Green fluorescent protein OS=Renilla muelleri OX=37510 GN=GFP PE=2 SV=1,0,0,
Q9BLZ0,Q9BLZ0_9CNID,Green fluorescent protein OS=Ptilosarcus sp. CSG-2001 OX=148587 GN=GFP PE=2 SV=1,0,0,
Q9GPI5,Q9GPI5_ANESU,Nonfluorescent red protein asCP562 OS=Anemonia sulcata OX=6108 PE=2 SV=2,0,0,
Q9GPI6,Q9GPI6_ANESU,Green fluorescent protein as(S)FP499 OS=Anemonia sulcata OX=6108 PE=1 SV=1,1,1,2C9I
Q9GTJ7,Q9GTJ7_9CNID,Red fluorescent protein OS=Discosoma sp. SSAL-2000 OX=137428 GN=FP593 PE=2 SV=1,0,0,
T2HNK0,T2HNK0_9CNID,Green fluorescent protein OS=Cavernularia obesa OX=1226274 GN=CoGFP PE=2 SV=1,0,0,
Q5MMF7,Q5MMF7_PONPL,Green fluorescent protein ppluGFP1 OS=Pontellina plumata OX=380418 GN=ppluGFP1 PE=1 SV=1,0,0,
Q5MMF6,Q5MMF6_PONPL,Green fluorescent protein ppluGFP2 OS=Pontellina plumata OX=380418 GN=ppluGFP2 PE=1 SV=1,0,0,
